TotalIndex	Spectral interpretation 1	152.99	RT of spectrum	manual confirmed annotation	ion	index	m.z	RT.range	N50_m.z	N50_RTMean	N50_Area	RT.mean	Adduct	CleanedLipids	CleanedFurther	ShortFull	SubClass	TotalChainlengths	TotalUnsat	RTAmbiguousClasses	MinOfRT	MaxOfRT	MinOfChainLength	MaxOfChainLength	MinUnsat	MaxUnsat	RTIsFit	FitsInChainLengthRange	FitsInUnsatRange	Match	Mode	Source	RTChainlengthSameDirectionOutsideKnownRange	StricterMatch	AdductScore	CombinedScore
LiverPos_89	500ng_no_MS2	10ng_no_MS2				89	841.7239	16.79 - 17.11	841.7233	16.94	4040	16.92	X.M.H..	Triacylglycerol (51:4)__Sphingomyelin (d44:2)	Triacylglycerol (51:4)	TAG(51:4)	TAG	51	4	TAG	7.05	21.05	32	56	0	5	TRUE	TRUE	TRUE	yes	Pos	Liver	FALSE	yes	43.3333333333	93.3333333333
LiverPos_89	500ng_no_MS2	10ng_no_MS2				89	841.7239	16.79 - 17.11	841.7233	16.94	4040	16.92	X.M.Na..	Triacylglycerol (49:1)	Triacylglycerol (49:1)	TAG(49:1)	TAG	49	1	TAG	7.05	21.05	32	56	0	5	TRUE	TRUE	TRUE	yes	Pos	Liver	FALSE	yes	43.3333333333	93.3333333333
LiverPos_93	500ng_no_MS2	10ng_wrong_RT				93	809.6642	17.00 - 17.26	809.6642	17.05	3650	17.05	X.M.H..	Triacylglycerol (49:6)	Triacylglycerol (49:6)	TAG(49:6)	TAG	49	6	TAG	7.05	21.05	32	56	0	5	TRUE	TRUE	FALSE	yes	Pos	Liver	FALSE	yes	43.3333333333	93.3333333333
LiverPos_93	500ng_no_MS2	10ng_wrong_RT				93	809.6642	17.00 - 17.26	809.6642	17.05	3650	17.05	X.M.Na..	Triacylglycerol (47:3)	Triacylglycerol (47:3)	TAG(47:3)	TAG	47	3	TAG	7.05	21.05	32	56	0	5	TRUE	TRUE	TRUE	yes	Pos	Liver	FALSE	yes	43.3333333333	93.3333333333
LiverPos_105	500ng_no_MS2	10ng_no_MS2				105	617.3762	14.51 - 14.71	617.3762	14.55	1810	14.55	X.M.H..	Lysophosphatidylglycerol (26:4)	Lysophosphatidylglycerol (26:4)	LPG(26:4)	LPG	26	4	LPG	0.11	2.76	16	19	1	1	FALSE	FALSE	FALSE	maybe	Pos	Liver	TRUE	maybe	25	75
LiverPos_105	500ng_no_MS2	10ng_no_MS2				105	617.3762	14.51 - 14.71	617.3762	14.55	1810	14.55	X.M.Na..	Lysophosphatidylglycerol (24:1)	Lysophosphatidylglycerol (24:1)	LPG(24:1)	LPG	24	1	LPG	0.11	2.76	16	19	1	1	FALSE	FALSE	TRUE	maybe	Pos	Liver	TRUE	maybe	25	75
LiverPos_257	500ng_no_MS2	10ng_wrong_RT				257	907.7708	16.87 - 17.34	907.7704	17.13	10300	17.14	X.M.H..	Triacylglycerol (56:6)__Sphingomyelin (d49:4)__Ceramide phosphoethanolamine (d52:4)	Triacylglycerol (56:6)	TAG(56:6)	TAG	56	6	TAG	7.05	21.05	32	56	0	5	TRUE	TRUE	FALSE	yes	Pos	Liver	FALSE	yes	43.3333333333	143.3333333333
LiverPos_257	500ng_no_MS2	10ng_wrong_RT				257	907.7708	16.87 - 17.34	907.7704	17.13	10300	17.14	X.M.Na..	Triacylglycerol (54:3)	Triacylglycerol (54:3)	TAG(54:3)	TAG	54	3	TAG	7.05	21.05	32	56	0	5	TRUE	TRUE	TRUE	yes	Pos	Liver	FALSE	yes	43.3333333333	143.3333333333
LiverPos_249	500ng_no_MS2	10ng_wrong_RT				249	829.5847	5.11 - 5.42	829.5846	5.15	5410	5.15	X.M.Na..	Phosphatidylglycerol (38:0)__Sphingomyelin (t41:6)__Ceramide phosphoethanolamine (t44:6)__Bismonoacylglycerolphosphate (38:0)__Monohexosyldiacylglycerol (38:4)	Phosphatidylglycerol (38:0)	PG(38:0)	PG	38	0	PG/BMP	3.22	10.89	28	38	0	3	TRUE	TRUE	TRUE	yes	Pos	Liver	FALSE	yes	3.4482758621	103.4482758621
LiverPos_249	500ng_no_MS2	10ng_wrong_RT				249	829.5847	5.11 - 5.42	829.5846	5.15	5410	5.15	X.M.Na..	Phosphatidylglycerol (38:0)__Sphingomyelin (t41:6)__Ceramide phosphoethanolamine (t44:6)__Bismonoacylglycerolphosphate (38:0)__Monohexosyldiacylglycerol (38:4)	Bismonoacylglycerolphosphate (38:0)	BMP(38:0)	BMP	38	0	PG/BMP	3.22	10.89	28	38	0	3	TRUE	TRUE	TRUE	yes	Pos	Liver	FALSE	yes	3.4482758621	103.4482758621
LiverPos_98	500ng_no_MS2	10ng_no_MS2				98	668.4435	5.82 - 6.18	668.443	5.87	2740	5.86	X.M.NH4..	Phosphatidylglycerol (27:1)__Bismonoacylglycerolphosphate (27:1)	Phosphatidylglycerol (27:1)	PG(27:1)	PG	27	1	PG/BMP	3.22	10.89	28	38	0	3	TRUE	FALSE	TRUE	yes	Pos	Liver	FALSE	yes	10.3448275862	60.3448275862
LiverPos_98	500ng_no_MS2	10ng_no_MS2				98	668.4435	5.82 - 6.18	668.443	5.87	2740	5.86	X.M.NH4..	Phosphatidylglycerol (27:1)__Bismonoacylglycerolphosphate (27:1)	Bismonoacylglycerolphosphate (27:1)	BMP(27:1)	BMP	27	1	PG/BMP	3.22	10.89	28	38	0	3	TRUE	FALSE	TRUE	yes	Pos	Liver	FALSE	yes	10.3448275862	60.3448275862
LiverPos_269	500ng_wrong_RT	10ng_wrong_RT				269	752.5361	7.01 - 7.43	752.5359	7.12	5860	7.11	X.M.NH4..	Phosphatidylglycerol (33:1)__Bismonoacylglycerolphosphate (33:1)	Phosphatidylglycerol (33:1)	PG(33:1)	PG	33	1	PG/BMP	3.22	10.89	28	38	0	3	TRUE	TRUE	TRUE	yes	Pos	Liver	FALSE	yes	10.3448275862	60.3448275862
LiverPos_269	500ng_wrong_RT	10ng_wrong_RT				269	752.5361	7.01 - 7.43	752.5359	7.12	5860	7.11	X.M.NH4..	Phosphatidylglycerol (33:1)__Bismonoacylglycerolphosphate (33:1)	Bismonoacylglycerolphosphate (33:1)	BMP(33:1)	BMP	33	1	PG/BMP	3.22	10.89	28	38	0	3	TRUE	TRUE	TRUE	yes	Pos	Liver	FALSE	yes	10.3448275862	60.3448275862
BrainPos_29	500ng_no_MS2	10ng_no_MS2				29	855.7394	16.85 - 17.32	855.7387	17.06	10500	17.07	X.M.H..	Triacylglycerol (52:4)	Triacylglycerol (52:4)	TAG(52:4)	TAG	52	4	TAG	7.05	21.05	32	56	0	5	TRUE	TRUE	TRUE	yes	Pos	Brain	FALSE	yes	43.3333333333	143.3333333333
BrainPos_29	500ng_no_MS2	10ng_no_MS2				29	855.7394	16.85 - 17.32	855.7387	17.06	10500	17.07	X.M.Na..	Triacylglycerol (50:1)	Triacylglycerol (50:1)	TAG(50:1)	TAG	50	1	TAG	7.05	21.05	32	56	0	5	TRUE	TRUE	TRUE	yes	Pos	Brain	FALSE	yes	43.3333333333	143.3333333333
BrainPos_36	500ng_no_MS2	10ng_no_MS2				36	799.6781	16.28 - 16.61	799.6768	16.42	8100	16.42	X.M.H..	Triacylglycerol (48:4)__Sphingomyelin (d41:2)__Ceramide phosphoethanolamine (d44:2)	Triacylglycerol (48:4)	TAG(48:4)	TAG	48	4	TAG	7.05	21.05	32	56	0	5	TRUE	TRUE	TRUE	yes	Pos	Brain	FALSE	yes	43.3333333333	143.3333333333
BrainPos_36	500ng_no_MS2	10ng_no_MS2				36	799.6781	16.28 - 16.61	799.6768	16.42	8100	16.42	X.M.Na..	Triacylglycerol (46:1)	Triacylglycerol (46:1)	TAG(46:1)	TAG	46	1	TAG	7.05	21.05	32	56	0	5	TRUE	TRUE	TRUE	yes	Pos	Brain	FALSE	yes	43.3333333333	143.3333333333
BrainPos_48	500ng_no_MS2	10ng_no_MS2				48	913.8182	17.78 - 17.88	913.8184	17.82	5100	17.83	X.M.H..	Triacylglycerol (56:3)	Triacylglycerol (56:3)	TAG(56:3)	TAG	56	3	TAG	7.05	21.05	32	56	0	5	TRUE	TRUE	TRUE	yes	Pos	Brain	FALSE	yes	43.3333333333	143.3333333333
BrainPos_48	500ng_no_MS2	10ng_no_MS2				48	913.8182	17.78 - 17.88	913.8184	17.82	5100	17.83	X.M.Na..	Triacylglycerol (54:0)	Triacylglycerol (54:0)	TAG(54:0)	TAG	54	0	TAG	7.05	21.05	32	56	0	5	TRUE	TRUE	TRUE	yes	Pos	Brain	FALSE	yes	43.3333333333	143.3333333333
BrainPos_128	500ng_no_MS2	10ng_no_MS2				128	879.7399	16.79 - 17.04	879.7412	16.89	8050	16.86	X.M.H..	Triacylglycerol (54:6)__Sphingomyelin (d47:4)__Ceramide phosphoethanolamine (d50:4)	Triacylglycerol (54:6)	TAG(54:6)	TAG	54	6	TAG	7.05	21.05	32	56	0	5	TRUE	TRUE	FALSE	yes	Pos	Brain	FALSE	yes	43.3333333333	143.3333333333
BrainPos_128	500ng_no_MS2	10ng_no_MS2				128	879.7399	16.79 - 17.04	879.7412	16.89	8050	16.86	X.M.Na..	Triacylglycerol (52:3)	Triacylglycerol (52:3)	TAG(52:3)	TAG	52	3	TAG	7.05	21.05	32	56	0	5	TRUE	TRUE	TRUE	yes	Pos	Brain	FALSE	yes	43.3333333333	143.3333333333
BrainPos_140	500ng_no_MS2	10ng_no_MS2				140	839.7087	16.57 - 16.81	839.7094	16.68	5440	16.69	X.M.H..	Triacylglycerol (51:5)	Triacylglycerol (51:5)	TAG(51:5)	TAG	51	5	TAG	7.05	21.05	32	56	0	5	TRUE	TRUE	TRUE	yes	Pos	Brain	FALSE	yes	43.3333333333	93.3333333333
BrainPos_140	500ng_no_MS2	10ng_no_MS2				140	839.7087	16.57 - 16.81	839.7094	16.68	5440	16.69	X.M.Na..	Triacylglycerol (49:2)	Triacylglycerol (49:2)	TAG(49:2)	TAG	49	2	TAG	7.05	21.05	32	56	0	5	TRUE	TRUE	TRUE	yes	Pos	Brain	FALSE	yes	43.3333333333	93.3333333333
BrainPos_204	500ng_no_MS2	10ng_no_MS2				204	843.7409	17.06 - 17.36	843.7406	17.18	20900	17.17	X.M.H..	Triacylglycerol (51:3)__Sphingomyelin (d44:1)	Triacylglycerol (51:3)	TAG(51:3)	TAG	51	3	TAG	7.05	21.05	32	56	0	5	TRUE	TRUE	TRUE	yes	Pos	Brain	FALSE	yes	43.3333333333	93.3333333333
BrainPos_204	500ng_no_MS2	10ng_no_MS2				204	843.7409	17.06 - 17.36	843.7406	17.18	20900	17.17	X.M.Na..	Triacylglycerol (49:0)	Triacylglycerol (49:0)	TAG(49:0)	TAG	49	0	TAG	7.05	21.05	32	56	0	5	TRUE	TRUE	TRUE	yes	Pos	Brain	FALSE	yes	43.3333333333	93.3333333333
BrainPos_209	500ng_no_MS2	10ng_no_MS2				209	881.7556	17.04 - 17.32	881.7561	17.1	11400	17.11	X.M.H..	Triacylglycerol (54:5)	Triacylglycerol (54:5)	TAG(54:5)	TAG	54	5	TAG	7.05	21.05	32	56	0	5	TRUE	TRUE	TRUE	yes	Pos	Brain	FALSE	yes	43.3333333333	143.3333333333
BrainPos_209	500ng_no_MS2	10ng_no_MS2				209	881.7556	17.04 - 17.32	881.7561	17.1	11400	17.11	X.M.Na..	Triacylglycerol (52:2)	Triacylglycerol (52:2)	TAG(52:2)	TAG	52	2	TAG	7.05	21.05	32	56	0	5	TRUE	TRUE	TRUE	yes	Pos	Brain	FALSE	yes	43.3333333333	143.3333333333
BrainPos_217	500ng_no_MS2	10ng_no_MS2				217	1027.8617	18.61 - 20.15	1027.8606	19.51	40600	19.53	X.M.H..	Triacylglycerol (65:9)	Triacylglycerol (65:9)	TAG(65:9)	TAG	65	9	TAG	7.05	21.05	32	56	0	5	TRUE	FALSE	FALSE	yes	Pos	Brain	FALSE	yes	43.3333333333	93.3333333333
BrainPos_217	500ng_no_MS2	10ng_no_MS2				217	1027.8617	18.61 - 20.15	1027.8606	19.51	40600	19.53	X.M.Na..	Triacylglycerol (63:6)__Sphingomyelin (d56:4)	Triacylglycerol (63:6)	TAG(63:6)	TAG	63	6	TAG	7.05	21.05	32	56	0	5	TRUE	FALSE	FALSE	yes	Pos	Brain	FALSE	yes	43.3333333333	93.3333333333
BrainPos_260	500ng_no_MS2	10ng_wrong_RT				260	787.6771	16.31 - 16.86	787.6766	16.51	36300	16.51	X.M.H..	Triacylglycerol (47:3)__Sphingomyelin (d40:1)	Triacylglycerol (47:3)	TAG(47:3)	TAG	47	3	TAG	7.05	21.05	32	56	0	5	TRUE	TRUE	TRUE	yes	Pos	Brain	FALSE	yes	43.3333333333	93.3333333333
BrainPos_260	500ng_no_MS2	10ng_wrong_RT				260	787.6771	16.31 - 16.86	787.6766	16.51	36300	16.51	X.M.Na..	Triacylglycerol (45:0)	Triacylglycerol (45:0)	TAG(45:0)	TAG	45	0	TAG	7.05	21.05	32	56	0	5	TRUE	TRUE	TRUE	yes	Pos	Brain	FALSE	yes	43.3333333333	93.3333333333
BrainPos_44	500ng_wrong_RT	10ng_wrong_RT				44	752.537	6.99 - 7.42	752.5372	7.08	6650	7.07	X.M.NH4..	Phosphatidylglycerol (33:1)__Bismonoacylglycerolphosphate (33:1)	Phosphatidylglycerol (33:1)	PG(33:1)	PG	33	1	PG/BMP	3.22	10.89	28	38	0	3	TRUE	TRUE	TRUE	yes	Pos	Brain	FALSE	yes	10.3448275862	60.3448275862
BrainPos_44	500ng_wrong_RT	10ng_wrong_RT				44	752.537	6.99 - 7.42	752.5372	7.08	6650	7.07	X.M.NH4..	Phosphatidylglycerol (33:1)__Bismonoacylglycerolphosphate (33:1)	Bismonoacylglycerolphosphate (33:1)	BMP(33:1)	BMP	33	1	PG/BMP	3.22	10.89	28	38	0	3	TRUE	TRUE	TRUE	yes	Pos	Brain	FALSE	yes	10.3448275862	60.3448275862
LiverNeg_29	FA(18:1, 17:0, 17:1, 18:0) 168.042		9.25			29	818.5882	8.01 - 10.08	818.5882	9.35	1260000	9.35	X.M.H..	Phosphatidylserine (38:0)	Phosphatidylserine (38:0)	PS(38:0)	PS	38	0	PS	8.9	10.79	34	36	1	2	TRUE	FALSE	FALSE	yes	Neg	Liver	FALSE	yes	100	200
LiverNeg_29	most likely PC(18:1/17:0)			PC(35:1)	M+HCOO	29	818.5882	8.01 - 10.08	818.5882	9.35	1260000	9.35	X.M.HCOO..	Phosphatidylcholine (35:1)__Phosphatidylethanolamine (38:1)__Hexosyl ceramide (d40:6)	Phosphatidylethanolamine (38:1)	PE(38:1)	PE	38	1	PE	4.41	11.51	28	40	0	8	TRUE	TRUE	TRUE	yes	Neg	Liver	FALSE	yes	100	200
LiverNeg_47	FA(20:4, 18:0) 140.01, 196.0366		9.4			47	834.5231	7.57 - 9.82	834.5231	9.35	657000	9.35	X.M.H..	Phosphatidylserine (40:6)	Phosphatidylserine (40:6)	PS(40:6)	PS	40	6	PS	8.9	10.79	34	36	1	2	TRUE	FALSE	FALSE	yes	Neg	Liver	FALSE	yes	100	200
LiverNeg_47	Fragments of PE headgroup but FA do not match					47	834.5231	7.57 - 9.82	834.5231	9.35	657000	9.35	X.M.HCOO..	Phosphatidylethanolamine (40:7)	Phosphatidylethanolamine (40:7)	PE(40:7)	PE	40	7	PE	4.41	11.51	28	40	0	8	TRUE	TRUE	TRUE	yes	Neg	Liver	FALSE	yes	100	200
LiverNeg_51	FA(18:1, 18:0) 152.99		8.88	PS(36:1)	M-H	51	788.542	8.77 - 9.27	788.542	8.99	601000	8.99	X.M.H..	Phosphatidylserine (36:1)	Phosphatidylserine (36:1)	PS(36:1)	PS	36	1	PS	8.9	10.79	34	36	1	2	TRUE	TRUE	TRUE	yes	Neg	Liver	FALSE	yes	100	200
LiverNeg_51	most likely PS(18:1/18:0)					51	788.542	8.77 - 9.27	788.542	8.99	601000	8.99	X.M.HCOO..	Phosphatidylcholine (33:2)__Phosphatidylethanolamine (36:2)	Phosphatidylethanolamine (36:2)	PE(36:2)	PE	36	2	PE	4.41	11.51	28	40	0	8	TRUE	TRUE	TRUE	yes	Neg	Liver	FALSE	yes	100	200
LiverNeg_65	FA(18:1)		2.18			65	566.3447	0.18 - 2.47	566.3447	2.25	477000	2.25	X.M.HCOO..	Lysophosphatidylcholine (18:1)__Phosphatidylcholine (O-18:1)__Phosphatidylethanolamine (O-21:1)__Hexosyl ceramide (t20:0)	Lysophosphatidylcholine (18:1)	LPC(18:1)	LPC	18	1	LPC	0.47	3.17	18	22	0	5	TRUE	TRUE	TRUE	yes	Neg	Liver	FALSE	yes	100	200
LiverNeg_65	most likely PC(18:1)			LPC(18:1)	M+HCOO	65	566.3447	0.18 - 2.47	566.3447	2.25	477000	2.25	X.M.HCOO..	Lysophosphatidylcholine (18:1)__Phosphatidylcholine (O-18:1)__Phosphatidylethanolamine (O-21:1)__Hexosyl ceramide (t20:0)	Phosphatidylcholine (O-18:1)	PC-O(18:1)	PC-O	18	1	PC	1.18	14.42	17	42	0	10	TRUE	TRUE	TRUE	yes	Neg	Liver	FALSE	yes	100	200
LiverNeg_79	FA(18:2, 18:0) 140.01, 196.04		9.42			79	810.5233	8.73 - 9.93	810.5233	9.48	4e+05	9.48	X.M.H..	Phosphatidylserine (38:4)	Phosphatidylserine (38:4)	PS(38:4)	PS	38	4	PS	8.9	10.79	34	36	1	2	TRUE	FALSE	FALSE	yes	Neg	Liver	FALSE	yes	100	200
LiverNeg_79	most likely M-H+HCOONa of PE(36:2)			PE(36:2)	M-H+HCOONa	79	810.5233	8.73 - 9.93	810.5233	9.48	4e+05	9.48	X.M.HCOO..	Phosphatidylcholine (35:5)__Phosphatidylethanolamine (38:5)	Phosphatidylethanolamine (38:5)	PE(38:5)	PE	38	5	PE	4.41	11.51	28	40	0	8	TRUE	TRUE	TRUE	yes	Neg	Liver	FALSE	yes	100	200
LiverNeg_89	FA(18:1, 18:0) 140.01, 196.04		10.49			89	812.5392	9.93 - 10.79	812.5392	10.48	326000	10.48	X.M.H..	Phosphatidylserine (38:3)	Phosphatidylserine (38:3)	PS(38:3)	PS	38	3	PS	8.9	10.79	34	36	1	2	TRUE	FALSE	FALSE	yes	Neg	Liver	FALSE	yes	100	200
LiverNeg_89	most likely M-H+HCOONa of PE(36:1)			PE(36:1)	M-H+HCOONa	89	812.5392	9.93 - 10.79	812.5392	10.48	326000	10.48	X.M.HCOO..	Phosphatidylcholine (35:4)__Phosphatidylethanolamine (38:4)	Phosphatidylethanolamine (38:4)	PE(38:4)	PE	38	4	PE	4.41	11.51	28	40	0	8	TRUE	TRUE	TRUE	yes	Neg	Liver	FALSE	yes	100	200
LiverNeg_93	FA(22:4, 17:0, 20:4, 19:0, 18:2)		9.18			93	868.6036	8.01 - 9.83	868.6036	9.23	306000	9.23	X.M.H..	Phosphatidylserine (42:3)	Phosphatidylserine (42:3)	PS(42:3)	PS	42	3	PS	8.9	10.79	34	36	1	2	TRUE	FALSE	FALSE	yes	Neg	Liver	FALSE	yes	100	200
LiverNeg_93	most likely PC(22:4/17:0) and less abundant PC(20:4/19:0)			PC(39:4)	M+HCOO	93	868.6036	8.01 - 9.83	868.6036	9.23	306000	9.23	X.M.HCOO..	Phosphatidylcholine (39:4)__Phosphatidylethanolamine (42:4)	Phosphatidylethanolamine (42:4)	PE(42:4)	PE	42	4	PE	4.41	11.51	28	40	0	8	TRUE	FALSE	TRUE	yes	Neg	Liver	FALSE	yes	100	200
LiverNeg_130	FA(18:2, 19:0, 18:1, 19:2, 19:1, 20:2)	#1796	9.39			130	844.6035	9.19 - 10.37	844.6035	9.81	177000	9.81	X.M.H..	Phosphatidylserine (40:1)	Phosphatidylserine (40:1)	PS(40:1)	PS	40	1	PS	8.9	10.79	34	36	1	2	TRUE	FALSE	TRUE	yes	Neg	Liver	FALSE	yes	100	200
LiverNeg_130	most likely PC(18:2/19:0)			PC(18:2/19:0)	M+HCOO	130	844.6035	9.19 - 10.37	844.6035	9.81	177000	9.81	X.M.HCOO..	Phosphatidylcholine (37:2)__Phosphatidylethanolamine (40:2)__Hexosyl ceramide (d42:7)	Phosphatidylethanolamine (40:2)	PE(40:2)	PE	40	2	PE	4.41	11.51	28	40	0	8	TRUE	TRUE	TRUE	yes	Neg	Liver	FALSE	yes	100	200
LiverNeg_130						130	844.6035	9.19 - 10.37	844.6035	9.81	177000	9.81	X.M.HCOO..	Phosphatidylcholine (37:2)__Phosphatidylethanolamine (40:2)__Hexosyl ceramide (d42:7)	Hexosyl ceramide (d42:7)	dHexCer(42:7)	dHexCer	42	7	d*HexCer	9.39	15.71	34	42	1	3	TRUE	TRUE	FALSE	yes	Neg	Liver	FALSE	yes	100	200
LiverNeg_133	FA(22:4, 18:0) 140.01	#2035	10.3			133	862.5541	9.79 - 10.68	862.5541	10.36	169000	10.36	X.M.H..	Phosphatidylserine (42:6)	Phosphatidylserine (42:6)	PS(42:6)	PS	42	6	PS	8.9	10.79	34	36	1	2	TRUE	FALSE	FALSE	yes	Neg	Liver	FALSE	yes	100	200
LiverNeg_133	140 specific for PE but FA do not fit and M+HCOO- uncommon for PE					133	862.5541	9.79 - 10.68	862.5541	10.36	169000	10.36	X.M.HCOO..	Phosphatidylethanolamine (42:7)	Phosphatidylethanolamine (42:7)	PE(42:7)	PE	42	7	PE	4.41	11.51	28	40	0	8	TRUE	FALSE	TRUE	yes	Neg	Liver	FALSE	yes	100	200
LiverNeg_134	FA(18:1, 19:1, 19:0, 18:0)	#2083	10.49			134	846.6198	10.08 - 11.24	846.6198	10.53	167000	10.53	X.M.H..	Phosphatidylserine (40:0)	Phosphatidylserine (40:0)	PS(40:0)	PS	40	0	PS	8.9	10.79	34	36	1	2	TRUE	FALSE	FALSE	yes	Neg	Liver	FALSE	yes	100	200
LiverNeg_134	PC has M+HCOO- it is likely PC(18:1/19:0) and PC(18:0/19:1)			PC(37:1)	M+HCOO	134	846.6198	10.08 - 11.24	846.6198	10.53	167000	10.53	X.M.HCOO..	Phosphatidylcholine (37:1)__Phosphatidylethanolamine (40:1)__Hexosyl ceramide (d42:6)	Phosphatidylethanolamine (40:1)	PE(40:1)	PE	40	1	PE	4.41	11.51	28	40	0	8	TRUE	TRUE	TRUE	yes	Neg	Liver	FALSE	yes	100	200
LiverNeg_134						134	846.6198	10.08 - 11.24	846.6198	10.53	167000	10.53	X.M.HCOO..	Phosphatidylcholine (37:1)__Phosphatidylethanolamine (40:1)__Hexosyl ceramide (d42:6)	Hexosyl ceramide (d42:6)	dHexCer(42:6)	dHexCer	42	6	d*HexCer	9.39	15.71	34	42	1	3	TRUE	TRUE	FALSE	yes	Neg	Liver	FALSE	yes	100	200
LiverNeg_150	500ng_wrong_RT					150	870.6189	9.48 - 10.66	870.6189	9.97	142000	9.97	X.M.H..	Phosphatidylserine (42:2)	Phosphatidylserine (42:2)	PS(42:2)	PS	42	2	PS	8.9	10.79	34	36	1	2	TRUE	FALSE	TRUE	yes	Neg	Liver	FALSE	yes	100	200
LiverNeg_150	500ng_wrong_RT					150	870.6189	9.48 - 10.66	870.6189	9.97	142000	9.97	X.M.HCOO..	Phosphatidylcholine (39:3)__Phosphatidylethanolamine (42:3)	Phosphatidylethanolamine (42:3)	PE(42:3)	PE	42	3	PE	4.41	11.51	28	40	0	8	TRUE	FALSE	TRUE	yes	Neg	Liver	FALSE	yes	100	200
LiverNeg_161	500ng_no_MS2					161	773.5295	7.53 - 8.52	773.5295	8.23	128000	8.23	X.M.H..	Phosphatidylglycerol (36:2)__Bismonoacylglycerolphosphate (36:2)__Monohexosyldiacylglycerol (36:6)	Phosphatidylglycerol (36:2)	PG(36:2)	PG	36	2	PG/BMP	3.22	10.89	28	38	0	3	TRUE	TRUE	TRUE	yes	Neg	Liver	FALSE	yes	100	200
LiverNeg_161	500ng_no_MS2					161	773.5295	7.53 - 8.52	773.5295	8.23	128000	8.23	X.M.H..	Phosphatidylglycerol (36:2)__Bismonoacylglycerolphosphate (36:2)__Monohexosyldiacylglycerol (36:6)	Bismonoacylglycerolphosphate (36:2)	BMP(36:2)	BMP	36	2	PG/BMP	3.22	10.89	28	38	0	3	TRUE	TRUE	TRUE	yes	Neg	Liver	FALSE	yes	100	200
LiverNeg_161	500ng_no_MS2					161	773.5295	7.53 - 8.52	773.5295	8.23	128000	8.23	X.M.HCOO..	Phosphatidate (38:2)	Phosphatidate (38:2)	PA(38:2)	PA	38	2	PA	4.69	9.89	30	37	1	2	TRUE	FALSE	TRUE	yes	Neg	Liver	FALSE	yes	100	200
LiverNeg_172	FA(20:3, 18:0, 18:1) 140.01	#1925	9.88			172	836.538	9.52 - 10.20	836.538	9.86	107000	9.86	X.M.H..	Phosphatidylserine (40:5)	Phosphatidylserine (40:5)	PS(40:5)	PS	40	5	PS	8.9	10.79	34	36	1	2	TRUE	FALSE	FALSE	yes	Neg	Liver	FALSE	yes	100	200
LiverNeg_172	probably PE(20:3/20:3) but M+HCOO- uncommon and other FA abundant in the spectrum					172	836.538	9.52 - 10.20	836.538	9.86	107000	9.86	X.M.HCOO..	Phosphatidylcholine (37:6)__Phosphatidylethanolamine (40:6)	Phosphatidylethanolamine (40:6)	PE(40:6)	PE	40	6	PE	4.41	11.51	28	40	0	8	TRUE	TRUE	TRUE	yes	Neg	Liver	FALSE	yes	100	200
LiverNeg_213	500ng_no_MS2					213	981.6481	11.59 - 12.51	981.6481	12.12	78800	12.12	X.M.H..	Phosphatidylinositol (45:5)__Phosphatidylglycerophosphate (45:1)	Phosphatidylinositol (45:5)	PI(45:5)	PI	45	5	PI	7.09	11.6	34	38	1	5	FALSE	FALSE	TRUE	maybe	Neg	Liver	TRUE	maybe	100	100
LiverNeg_213	500ng_no_MS2					213	981.6481	11.59 - 12.51	981.6481	12.12	78800	12.12	X.M.H..	Phosphatidylinositol (45:5)__Phosphatidylglycerophosphate (45:1)	Phosphatidylglycerophosphate (45:1)	PGP(45:1)	PGP	45	1	PGP	5.06	9.41	32	36	1	2	FALSE	FALSE	TRUE	maybe	Neg	Liver	TRUE	maybe	100	100
LiverNeg_221	500ng_no_MS2					221	995.6645	12.24 - 13.17	995.6645	12.82	75100	12.82	X.M.H..	Phosphatidylinositol (46:5)__Phosphatidylglycerophosphate (46:1)	Phosphatidylinositol (46:5)	PI(46:5)	PI	46	5	PI	7.09	11.6	34	38	1	5	FALSE	FALSE	TRUE	maybe	Neg	Liver	TRUE	maybe	100	150
LiverNeg_221	500ng_no_MS2					221	995.6645	12.24 - 13.17	995.6645	12.82	75100	12.82	X.M.H..	Phosphatidylinositol (46:5)__Phosphatidylglycerophosphate (46:1)	Phosphatidylglycerophosphate (46:1)	PGP(46:1)	PGP	46	1	PGP	5.06	9.41	32	36	1	2	FALSE	FALSE	TRUE	maybe	Neg	Liver	TRUE	maybe	100	150
LiverNeg_228	500ng_wrong_RT					228	745.4999	6.20 - 7.32	745.4999	6.91	72000	6.91	X.M.H..	Phosphatidylglycerol (34:2)__Bismonoacylglycerolphosphate (34:2)	Phosphatidylglycerol (34:2)	PG(34:2)	PG	34	2	PG/BMP	3.22	10.89	28	38	0	3	TRUE	TRUE	TRUE	yes	Neg	Liver	FALSE	yes	100	200
LiverNeg_228	500ng_wrong_RT					228	745.4999	6.20 - 7.32	745.4999	6.91	72000	6.91	X.M.H..	Phosphatidylglycerol (34:2)__Bismonoacylglycerolphosphate (34:2)	Bismonoacylglycerolphosphate (34:2)	BMP(34:2)	BMP	34	2	PG/BMP	3.22	10.89	28	38	0	3	TRUE	TRUE	TRUE	yes	Neg	Liver	FALSE	yes	100	200
LiverNeg_228	500ng_wrong_RT					228	745.4999	6.20 - 7.32	745.4999	6.91	72000	6.91	X.M.HCOO..	Phosphatidate (36:2)	Phosphatidate (36:2)	PA(36:2)	PA	36	2	PA	4.69	9.89	30	37	1	2	TRUE	TRUE	TRUE	yes	Neg	Liver	FALSE	yes	100	200
LiverNeg_274	FA(18:2) no other abundant FA 152.99	#1003	6.21			274	769.4994	5.86 - 6.73	769.4994	6.21	53400	6.21	X.M.H..	Phosphatidylglycerol (36:4)__Bismonoacylglycerolphosphate (36:4)__Monohexosyldiacylglycerol (36:8)	Phosphatidylglycerol (36:4)	PG(36:4)	PG	36	4	PG/BMP	3.22	10.89	28	38	0	3	TRUE	TRUE	FALSE	yes	Neg	Liver	FALSE	yes	100	200
LiverNeg_274	probably PG or BGP			PG/BMP(36:4)	M-H	274	769.4994	5.86 - 6.73	769.4994	6.21	53400	6.21	X.M.H..	Phosphatidylglycerol (36:4)__Bismonoacylglycerolphosphate (36:4)__Monohexosyldiacylglycerol (36:8)	Bismonoacylglycerolphosphate (36:4)	BMP(36:4)	BMP	36	4	PG/BMP	3.22	10.89	28	38	0	3	TRUE	TRUE	FALSE	yes	Neg	Liver	FALSE	yes	100	200
LiverNeg_274						274	769.4994	5.86 - 6.73	769.4994	6.21	53400	6.21	X.M.HCOO..	Phosphatidate (38:4)	Phosphatidate (38:4)	PA(38:4)	PA	38	4	PA	4.69	9.89	30	37	1	2	TRUE	FALSE	FALSE	yes	Neg	Liver	FALSE	yes	100	200
LiverNeg_284	500ng_no_MS2					284	771.5146	6.63 - 7.45	771.5146	7.05	49800	7.05	X.M.H..	Phosphatidylglycerol (36:3)__Bismonoacylglycerolphosphate (36:3)__Monohexosyldiacylglycerol (36:7)	Phosphatidylglycerol (36:3)	PG(36:3)	PG	36	3	PG/BMP	3.22	10.89	28	38	0	3	TRUE	TRUE	TRUE	yes	Neg	Liver	FALSE	yes	100	200
LiverNeg_284	500ng_no_MS2					284	771.5146	6.63 - 7.45	771.5146	7.05	49800	7.05	X.M.H..	Phosphatidylglycerol (36:3)__Bismonoacylglycerolphosphate (36:3)__Monohexosyldiacylglycerol (36:7)	Bismonoacylglycerolphosphate (36:3)	BMP(36:3)	BMP	36	3	PG/BMP	3.22	10.89	28	38	0	3	TRUE	TRUE	TRUE	yes	Neg	Liver	FALSE	yes	100	200
LiverNeg_284	500ng_no_MS2					284	771.5146	6.63 - 7.45	771.5146	7.05	49800	7.05	X.M.HCOO..	Phosphatidate (38:3)	Phosphatidate (38:3)	PA(38:3)	PA	38	3	PA	4.69	9.89	30	37	1	2	TRUE	FALSE	FALSE	yes	Neg	Liver	FALSE	yes	100	200
LiverNeg_302	FA(18:1, 17:1, 17:0, 18:0) 168.04	#1814	9.46			302	818.5303	9.44 - 10.25	818.5303	9.65	44900	9.65	X.M.H..	Phosphatidylserine (O-40:7)	Phosphatidylserine (O-40:7)	PS-O(40:7)	PS-O	40	7	PS	8.9	10.79	34	36	1	2	TRUE	FALSE	FALSE	yes	Neg	Liver	FALSE	yes	100	200
LiverNeg_302	For PE 141 is expected and for PS 152.99 and the FA do not fit 					302	818.5303	9.44 - 10.25	818.5303	9.65	44900	9.65	X.M.HCOO..	Phosphatidylethanolamine (O-40:8)	Phosphatidylethanolamine (O-40:8)	PE-O(40:8)	PE-O	40	8	PE	4.41	11.51	28	40	0	8	TRUE	TRUE	TRUE	yes	Neg	Liver	FALSE	yes	100	200
LiverNeg_317	500ng_wrong_RT					317	860.5386	9.27 - 9.69	860.5386	9.48	41900	9.48	X.M.H..	Phosphatidylserine (42:7)	Phosphatidylserine (42:7)	PS(42:7)	PS	42	7	PS	8.9	10.79	34	36	1	2	TRUE	FALSE	FALSE	yes	Neg	Liver	FALSE	yes	100	200
LiverNeg_317	500ng_wrong_RT					317	860.5386	9.27 - 9.69	860.5386	9.48	41900	9.48	X.M.HCOO..	Phosphatidylethanolamine (42:8)	Phosphatidylethanolamine (42:8)	PE(42:8)	PE	42	8	PE	4.41	11.51	28	40	0	8	TRUE	FALSE	TRUE	yes	Neg	Liver	FALSE	yes	100	200
LiverNeg_329	500ng_no_MS2					329	797.5312	7.67 - 8.35	797.5312	8.14	40500	8.14	X.M.H..	Phosphatidylglycerol (38:4)__Bismonoacylglycerolphosphate (38:4)	Phosphatidylglycerol (38:4)	PG(38:4)	PG	38	4	PG/BMP	3.22	10.89	28	38	0	3	TRUE	TRUE	FALSE	yes	Neg	Liver	FALSE	yes	100	200
LiverNeg_329	500ng_no_MS2					329	797.5312	7.67 - 8.35	797.5312	8.14	40500	8.14	X.M.H..	Phosphatidylglycerol (38:4)__Bismonoacylglycerolphosphate (38:4)	Bismonoacylglycerolphosphate (38:4)	BMP(38:4)	BMP	38	4	PG/BMP	3.22	10.89	28	38	0	3	TRUE	TRUE	FALSE	yes	Neg	Liver	FALSE	yes	100	200
LiverNeg_329	500ng_no_MS2					329	797.5312	7.67 - 8.35	797.5312	8.14	40500	8.14	X.M.HCOO..	Phosphatidate (40:4)	Phosphatidate (40:4)	PA(40:4)	PA	40	4	PA	4.69	9.89	30	37	1	2	TRUE	FALSE	FALSE	yes	Neg	Liver	FALSE	yes	100	200
LiverNeg_335	500ng_wrong_RT					335	872.5901	9.52 - 10.17	872.5901	10	40000	10	X.M.H..	Phosphatidylserine (O-44:8)	Phosphatidylserine (O-44:8)	PS-O(44:8)	PS-O	44	8	PS	8.9	10.79	34	36	1	2	TRUE	FALSE	FALSE	yes	Neg	Liver	FALSE	yes	100	200
LiverNeg_335	500ng_wrong_RT					335	872.5901	9.52 - 10.17	872.5901	10	40000	10	X.M.HCOO..	Phosphatidylethanolamine (O-44:9)	Phosphatidylethanolamine (O-44:9)	PE-O(44:9)	PE-O	44	9	PE	4.41	11.51	28	40	0	8	TRUE	FALSE	FALSE	yes	Neg	Liver	FALSE	yes	100	200
LiverNeg_384	500ng_wrong_RT					384	805.5225	6.08 - 7.09	805.5225	6.51	30000	6.51	X.M.HCOO..	Phosphatidylglycerol (35:2)__Bismonoacylglycerolphosphate (35:2)	Phosphatidylglycerol (35:2)	PG(35:2)	PG	35	2	PG/BMP	3.22	10.89	28	38	0	3	TRUE	TRUE	TRUE	yes	Neg	Liver	FALSE	yes	82.7586206897	132.7586206897
LiverNeg_384	500ng_wrong_RT					384	805.5225	6.08 - 7.09	805.5225	6.51	30000	6.51	X.M.HCOO..	Phosphatidylglycerol (35:2)__Bismonoacylglycerolphosphate (35:2)	Bismonoacylglycerolphosphate (35:2)	BMP(35:2)	BMP	35	2	PG/BMP	3.22	10.89	28	38	0	3	TRUE	TRUE	TRUE	yes	Neg	Liver	FALSE	yes	82.7586206897	132.7586206897
LiverNeg_391	500ng_wrong_RT					391	816.5728	10.18 - 10.65	816.5728	10.35	29100	10.35	X.M.H..	Phosphatidylserine (38:1)	Phosphatidylserine (38:1)	PS(38:1)	PS	38	1	PS	8.9	10.79	34	36	1	2	TRUE	FALSE	TRUE	yes	Neg	Liver	FALSE	yes	100	200
LiverNeg_391	500ng_wrong_RT					391	816.5728	10.18 - 10.65	816.5728	10.35	29100	10.35	X.M.HCOO..	Phosphatidylcholine (35:2)__Phosphatidylethanolamine (38:2)__Hexosyl ceramide (d40:7)	Phosphatidylethanolamine (38:2)	PE(38:2)	PE	38	2	PE	4.41	11.51	28	40	0	8	TRUE	TRUE	TRUE	yes	Neg	Liver	FALSE	yes	100	200
LiverNeg_391	500ng_wrong_RT					391	816.5728	10.18 - 10.65	816.5728	10.35	29100	10.35	X.M.HCOO..	Phosphatidylcholine (35:2)__Phosphatidylethanolamine (38:2)__Hexosyl ceramide (d40:7)	Hexosyl ceramide (d40:7)	dHexCer(40:7)	dHexCer	40	7	d*HexCer	9.39	15.71	34	42	1	3	TRUE	TRUE	FALSE	yes	Neg	Liver	FALSE	yes	100	200
LiverNeg_392	500ng_no_MS2					392	591.3275	5.57 - 6.54	591.3275	6.27	29100	6.27	X.M.H..	Phosphatidylglycerol (23:2)__Bismonoacylglycerolphosphate (23:2)	Phosphatidylglycerol (23:2)	PG(23:2)	PG	23	2	PG/BMP	3.22	10.89	28	38	0	3	TRUE	FALSE	TRUE	yes	Neg	Liver	FALSE	yes	100	150
LiverNeg_392	500ng_no_MS2					392	591.3275	5.57 - 6.54	591.3275	6.27	29100	6.27	X.M.H..	Phosphatidylglycerol (23:2)__Bismonoacylglycerolphosphate (23:2)	Bismonoacylglycerolphosphate (23:2)	BMP(23:2)	BMP	23	2	PG/BMP	3.22	10.89	28	38	0	3	TRUE	FALSE	TRUE	yes	Neg	Liver	FALSE	yes	100	150
LiverNeg_392	500ng_no_MS2					392	591.3275	5.57 - 6.54	591.3275	6.27	29100	6.27	X.M.HCOO..	Phosphatidate (25:2)	Phosphatidate (25:2)	PA(25:2)	PA	25	2	PA	4.69	9.89	30	37	1	2	TRUE	FALSE	TRUE	yes	Neg	Liver	FALSE	yes	100	150
LiverNeg_423	500ng_wrong_RT					423	896.6323	10.17 - 10.88	896.6323	10.37	25700	10.37	X.M.H..	Phosphatidylserine (44:3)	Phosphatidylserine (44:3)	PS(44:3)	PS	44	3	PS	8.9	10.79	34	36	1	2	TRUE	FALSE	FALSE	yes	Neg	Liver	FALSE	yes	100	200
LiverNeg_423	500ng_wrong_RT					423	896.6323	10.17 - 10.88	896.6323	10.37	25700	10.37	X.M.HCOO..	Phosphatidylcholine (41:4)__Phosphatidylethanolamine (44:4)	Phosphatidylethanolamine (44:4)	PE(44:4)	PE	44	4	PE	4.41	11.51	28	40	0	8	TRUE	FALSE	TRUE	yes	Neg	Liver	FALSE	yes	100	200
LiverNeg_440	500ng_no_MS2					440	814.5564	9.02 - 9.60	814.5564	9.19	24700	9.19	X.M.H..	Phosphatidylserine (38:2)	Phosphatidylserine (38:2)	PS(38:2)	PS	38	2	PS	8.9	10.79	34	36	1	2	TRUE	FALSE	TRUE	yes	Neg	Liver	FALSE	yes	100	200
LiverNeg_440	500ng_no_MS2					440	814.5564	9.02 - 9.60	814.5564	9.19	24700	9.19	X.M.HCOO..	Phosphatidylcholine (35:3)__Phosphatidylethanolamine (38:3)	Phosphatidylethanolamine (38:3)	PE(38:3)	PE	38	3	PE	4.41	11.51	28	40	0	8	TRUE	TRUE	TRUE	yes	Neg	Liver	FALSE	yes	100	200
LiverNeg_516	500ng_wrong_RT					516	795.5109	5.83 - 7.05	795.5109	5.96	17900	5.96	X.M.H..	Phosphatidylglycerol (38:5)__Phosphatidylinositol (31:0)__Bismonoacylglycerolphosphate (38:5)	Phosphatidylglycerol (38:5)	PG(38:5)	PG	38	5	PG/BMP	3.22	10.89	28	38	0	3	TRUE	TRUE	FALSE	yes	Neg	Liver	FALSE	yes	100	200
LiverNeg_516	500ng_wrong_RT					516	795.5109	5.83 - 7.05	795.5109	5.96	17900	5.96	X.M.H..	Phosphatidylglycerol (38:5)__Phosphatidylinositol (31:0)__Bismonoacylglycerolphosphate (38:5)	Bismonoacylglycerolphosphate (38:5)	BMP(38:5)	BMP	38	5	PG/BMP	3.22	10.89	28	38	0	3	TRUE	TRUE	FALSE	yes	Neg	Liver	FALSE	yes	100	200
LiverNeg_516	500ng_wrong_RT					516	795.5109	5.83 - 7.05	795.5109	5.96	17900	5.96	X.M.HCOO..	Phosphatidate (40:5)	Phosphatidate (40:5)	PA(40:5)	PA	40	5	PA	4.69	9.89	30	37	1	2	TRUE	FALSE	FALSE	yes	Neg	Liver	FALSE	yes	100	200
LiverNeg_561	500ng_wrong_RT					561	829.5298	10.23 - 10.76	829.5298	10.49	15200	10.49	X.M.H..	Phosphatidylinositol (O-35:4)	Phosphatidylinositol (O-35:4)	PI-O(35:4)	PI-O	35	4	PI	7.09	11.6	34	38	1	5	TRUE	TRUE	TRUE	yes	Neg	Liver	FALSE	yes	100	150
LiverNeg_561	500ng_wrong_RT					561	829.5298	10.23 - 10.76	829.5298	10.49	15200	10.49	X.M.HCOO..	Phosphatidate (O-44:9)__Phosphatidylglycerol (37:4)__Bismonoacylglycerolphosphate (37:4)	Phosphatidate (O-44:9)	PA-O(44:9)	PA-O	44	9	PA	4.69	9.89	30	37	1	2	FALSE	FALSE	FALSE	maybe	Neg	Liver	TRUE	maybe	100	150
LiverNeg_579	500ng_no_MS2					579	626.3185	2.16 - 3.07	626.3185	2.95	14300	2.95	X.M.H..	Phosphatidylserine (25:5)	Phosphatidylserine (25:5)	PS(25:5)	PS	25	5	PS	8.9	10.79	34	36	1	2	FALSE	FALSE	FALSE	maybe	Neg	Liver	TRUE	maybe	100	100
LiverNeg_579	500ng_no_MS2					579	626.3185	2.16 - 3.07	626.3185	2.95	14300	2.95	X.M.HCOO..	Phosphatidylethanolamine (25:6)	Phosphatidylethanolamine (25:6)	PE(25:6)	PE	25	6	PE	4.41	11.51	28	40	0	8	FALSE	FALSE	TRUE	maybe	Neg	Liver	TRUE	maybe	100	100
LiverNeg_606	500ng_no_MS2					606	799.5465	8.40 - 8.69	799.5465	8.61	12900	8.61	X.M.H..	Phosphatidylglycerol (38:3)__Bismonoacylglycerolphosphate (38:3)__Monohexosyldiacylglycerol (38:7)	Phosphatidylglycerol (38:3)	PG(38:3)	PG	38	3	PG/BMP	3.22	10.89	28	38	0	3	TRUE	TRUE	TRUE	yes	Neg	Liver	FALSE	yes	100	200
LiverNeg_606	500ng_no_MS2					606	799.5465	8.40 - 8.69	799.5465	8.61	12900	8.61	X.M.H..	Phosphatidylglycerol (38:3)__Bismonoacylglycerolphosphate (38:3)__Monohexosyldiacylglycerol (38:7)	Bismonoacylglycerolphosphate (38:3)	BMP(38:3)	BMP	38	3	PG/BMP	3.22	10.89	28	38	0	3	TRUE	TRUE	TRUE	yes	Neg	Liver	FALSE	yes	100	200
LiverNeg_606	500ng_no_MS2					606	799.5465	8.40 - 8.69	799.5465	8.61	12900	8.61	X.M.HCOO..	Phosphatidate (40:3)	Phosphatidate (40:3)	PA(40:3)	PA	40	3	PA	4.69	9.89	30	37	1	2	TRUE	FALSE	FALSE	yes	Neg	Liver	FALSE	yes	100	200
LiverNeg_626	500ng_no_MS2					626	1009.6782	13.00 - 13.62	1009.6782	13.17	12100	13.17	X.M.H..	Phosphatidylinositol (47:5)__Phosphatidylglycerophosphate (47:1)	Phosphatidylinositol (47:5)	PI(47:5)	PI	47	5	PI	7.09	11.6	34	38	1	5	FALSE	FALSE	TRUE	maybe	Neg	Liver	TRUE	maybe	100	100
LiverNeg_626	500ng_no_MS2					626	1009.6782	13.00 - 13.62	1009.6782	13.17	12100	13.17	X.M.H..	Phosphatidylinositol (47:5)__Phosphatidylglycerophosphate (47:1)	Phosphatidylglycerophosphate (47:1)	PGP(47:1)	PGP	47	1	PGP	5.06	9.41	32	36	1	2	FALSE	FALSE	TRUE	maybe	Neg	Liver	TRUE	maybe	100	100
LiverNeg_684	500ng_no_MS2					684	848.5797	9.31 - 9.65	848.5797	9.52	9990	9.52	X.M.H..	Phosphatidylserine (O-42:6)	Phosphatidylserine (O-42:6)	PS-O(42:6)	PS-O	42	6	PS	8.9	10.79	34	36	1	2	TRUE	FALSE	FALSE	yes	Neg	Liver	FALSE	yes	100	200
LiverNeg_684	500ng_no_MS2					684	848.5797	9.31 - 9.65	848.5797	9.52	9990	9.52	X.M.HCOO..	Phosphatidylcholine (O-39:7)__Phosphatidylethanolamine (O-42:7)__Hexosyl ceramide (t41:6)	Phosphatidylethanolamine (O-42:7)	PE-O(42:7)	PE-O	42	7	PE	4.41	11.51	28	40	0	8	TRUE	FALSE	TRUE	yes	Neg	Liver	FALSE	yes	100	200
LiverNeg_686	500ng_no_MS2					686	823.5457	8.06 - 8.40	823.5457	8.23	9920	8.23	X.M.H..	Phosphatidylglycerol (40:5)__Bismonoacylglycerolphosphate (40:5)	Phosphatidylglycerol (40:5)	PG(40:5)	PG	40	5	PG/BMP	3.22	10.89	28	38	0	3	TRUE	FALSE	FALSE	yes	Neg	Liver	FALSE	yes	100	200
LiverNeg_686	500ng_no_MS2					686	823.5457	8.06 - 8.40	823.5457	8.23	9920	8.23	X.M.H..	Phosphatidylglycerol (40:5)__Bismonoacylglycerolphosphate (40:5)	Bismonoacylglycerolphosphate (40:5)	BMP(40:5)	BMP	40	5	PG/BMP	3.22	10.89	28	38	0	3	TRUE	FALSE	FALSE	yes	Neg	Liver	FALSE	yes	100	200
LiverNeg_686	500ng_no_MS2					686	823.5457	8.06 - 8.40	823.5457	8.23	9920	8.23	X.M.HCOO..	Phosphatidate (42:5)	Phosphatidate (42:5)	PA(42:5)	PA	42	5	PA	4.69	9.89	30	37	1	2	TRUE	FALSE	FALSE	yes	Neg	Liver	FALSE	yes	100	200
LiverNeg_702	500ng_wrong_RT		6.21			702	769.4998	6.75 - 6.94	769.4998	6.85	9290	6.85	X.M.H..	Phosphatidylglycerol (36:4)__Bismonoacylglycerolphosphate (36:4)	Phosphatidylglycerol (36:4)	PG(36:4)	PG	36	4	PG/BMP	3.22	10.89	28	38	0	3	TRUE	TRUE	FALSE	yes	Neg	Liver	FALSE	yes	100	200
LiverNeg_702	500ng_wrong_RT					702	769.4998	6.75 - 6.94	769.4998	6.85	9290	6.85	X.M.H..	Phosphatidylglycerol (36:4)__Bismonoacylglycerolphosphate (36:4)	Bismonoacylglycerolphosphate (36:4)	BMP(36:4)	BMP	36	4	PG/BMP	3.22	10.89	28	38	0	3	TRUE	TRUE	FALSE	yes	Neg	Liver	FALSE	yes	100	200
LiverNeg_702	500ng_wrong_RT					702	769.4998	6.75 - 6.94	769.4998	6.85	9290	6.85	X.M.HCOO..	Phosphatidate (38:4)	Phosphatidate (38:4)	PA(38:4)	PA	38	4	PA	4.69	9.89	30	37	1	2	TRUE	FALSE	FALSE	yes	Neg	Liver	FALSE	yes	100	200
LiverNeg_722	500ng_wrong_RT		6.21			722	769.5005	4.54 - 6.98	769.5005	4.61	8630	4.61	X.M.H..	Phosphatidylglycerol (36:4)__Bismonoacylglycerolphosphate (36:4)	Phosphatidylglycerol (36:4)	PG(36:4)	PG	36	4	PG/BMP	3.22	10.89	28	38	0	3	TRUE	TRUE	FALSE	yes	Neg	Liver	FALSE	yes	100	200
LiverNeg_722	500ng_wrong_RT					722	769.5005	4.54 - 6.98	769.5005	4.61	8630	4.61	X.M.H..	Phosphatidylglycerol (36:4)__Bismonoacylglycerolphosphate (36:4)	Bismonoacylglycerolphosphate (36:4)	BMP(36:4)	BMP	36	4	PG/BMP	3.22	10.89	28	38	0	3	TRUE	TRUE	FALSE	yes	Neg	Liver	FALSE	yes	100	200
LiverNeg_800	500ng_wrong_RT					800	844.6046	11.57 - 11.92	844.6046	11.75	7010	11.75	X.M.H..	Phosphatidylserine (40:1)	Phosphatidylserine (40:1)	PS(40:1)	PS	40	1	PS	8.9	10.79	34	36	1	2	FALSE	FALSE	TRUE	maybe	Neg	Liver	TRUE	maybe	100	150
LiverNeg_800	500ng_wrong_RT					800	844.6046	11.57 - 11.92	844.6046	11.75	7010	11.75	X.M.HCOO..	Phosphatidylcholine (37:2)__Phosphatidylethanolamine (40:2)	Phosphatidylcholine (37:2)	PC(37:2)	PC	37	2	PC	1.18	14.42	17	42	0	10	TRUE	TRUE	TRUE	yes	Neg	Liver	FALSE	yes	100	150
LiverNeg_804	500ng_no_MS2					804	781.5231	11.16 - 11.66	781.5231	11.56	6860	11.56	X.M.H..	Phosphatidylinositol (O-31:0)	Phosphatidylinositol (O-31:0)	PI-O(31:0)	PI-O	31	0	PI	7.09	11.6	34	38	1	5	TRUE	FALSE	FALSE	yes	Neg	Liver	FALSE	yes	100	150
LiverNeg_804	500ng_no_MS2					804	781.5231	11.16 - 11.66	781.5231	11.56	6860	11.56	X.M.HCOO..	Phosphatidylglycerol (33:0)__Sphingomyelin (t36:6)__Bismonoacylglycerolphosphate (33:0)	Sphingomyelin (t36:6)	tSM(36:6)	tSM	36	6	t*SM	7.13	7.72	34	34	2	2	FALSE	FALSE	FALSE	maybe	Neg	Liver	TRUE	maybe	100	150
LiverNeg_811	500ng_wrong_RT					811	845.5322	6.40 - 7.33	845.5322	6.76	6580	6.76	X.M.H..	Phosphatidylglycerol (42:8)__Bismonoacylglycerolphosphate (42:8)	Phosphatidylglycerol (42:8)	PG(42:8)	PG	42	8	PG/BMP	3.22	10.89	28	38	0	3	TRUE	FALSE	FALSE	yes	Neg	Liver	FALSE	yes	100	200
LiverNeg_811	500ng_wrong_RT					811	845.5322	6.40 - 7.33	845.5322	6.76	6580	6.76	X.M.H..	Phosphatidylglycerol (42:8)__Bismonoacylglycerolphosphate (42:8)	Bismonoacylglycerolphosphate (42:8)	BMP(42:8)	BMP	42	8	PG/BMP	3.22	10.89	28	38	0	3	TRUE	FALSE	FALSE	yes	Neg	Liver	FALSE	yes	100	200
LiverNeg_811	500ng_wrong_RT					811	845.5322	6.40 - 7.33	845.5322	6.76	6580	6.76	X.M.HCOO..	Phosphatidate (44:8)__Monohexosyldiacylglycerol (38:7)	Phosphatidate (44:8)	PA(44:8)	PA	44	8	PA	4.69	9.89	30	37	1	2	TRUE	FALSE	FALSE	yes	Neg	Liver	FALSE	yes	100	200
LiverNeg_817	500ng_wrong_RT					817	805.5255	6.93 - 7.09	805.5255	7.01	6480	7.01	X.M.HCOO..	Phosphatidylglycerol (35:2)__Bismonoacylglycerolphosphate (35:2)	Phosphatidylglycerol (35:2)	PG(35:2)	PG	35	2	PG/BMP	3.22	10.89	28	38	0	3	TRUE	TRUE	TRUE	yes	Neg	Liver	FALSE	yes	82.7586206897	132.7586206897
LiverNeg_817	500ng_wrong_RT					817	805.5255	6.93 - 7.09	805.5255	7.01	6480	7.01	X.M.HCOO..	Phosphatidylglycerol (35:2)__Bismonoacylglycerolphosphate (35:2)	Bismonoacylglycerolphosphate (35:2)	BMP(35:2)	BMP	35	2	PG/BMP	3.22	10.89	28	38	0	3	TRUE	TRUE	TRUE	yes	Neg	Liver	FALSE	yes	82.7586206897	132.7586206897
LiverNeg_857	500ng_wrong_RT					857	838.5549	10.49 - 11.05	838.5549	10.75	5820	10.75	X.M.H..	Phosphatidylserine (40:4)	Phosphatidylserine (40:4)	PS(40:4)	PS	40	4	PS	8.9	10.79	34	36	1	2	TRUE	FALSE	FALSE	yes	Neg	Liver	FALSE	yes	100	200
LiverNeg_857	500ng_wrong_RT					857	838.5549	10.49 - 11.05	838.5549	10.75	5820	10.75	X.M.HCOO..	Phosphatidylcholine (37:5)__Phosphatidylethanolamine (40:5)	Phosphatidylethanolamine (40:5)	PE(40:5)	PE	40	5	PE	4.41	11.51	28	40	0	8	TRUE	TRUE	TRUE	yes	Neg	Liver	FALSE	yes	100	200
LiverNeg_870	500ng_wrong_RT					870	844.5436	10.06 - 10.33	844.5436	10.18	5600	10.18	X.M.H..	Phosphatidylserine (O-42:8)	Phosphatidylserine (O-42:8)	PS-O(42:8)	PS-O	42	8	PS	8.9	10.79	34	36	1	2	TRUE	FALSE	FALSE	yes	Neg	Liver	FALSE	yes	100	200
LiverNeg_870	500ng_wrong_RT					870	844.5436	10.06 - 10.33	844.5436	10.18	5600	10.18	X.M.HCOO..	Phosphatidylethanolamine (O-42:9)__Phosphatidylserine (37:3)	Phosphatidylethanolamine (O-42:9)	PE-O(42:9)	PE-O	42	9	PE	4.41	11.51	28	40	0	8	TRUE	FALSE	FALSE	yes	Neg	Liver	FALSE	yes	100	200
LiverNeg_985	500ng_wrong_RT					985	840.5711	9.73 - 9.89	840.5711	9.82	4150	9.82	X.M.H..	Phosphatidylserine (40:3)	Phosphatidylserine (40:3)	PS(40:3)	PS	40	3	PS	8.9	10.79	34	36	1	2	TRUE	FALSE	FALSE	yes	Neg	Liver	FALSE	yes	100	200
LiverNeg_985	500ng_wrong_RT					985	840.5711	9.73 - 9.89	840.5711	9.82	4150	9.82	X.M.HCOO..	Phosphatidylcholine (37:4)__Phosphatidylethanolamine (40:4)	Phosphatidylethanolamine (40:4)	PE(40:4)	PE	40	4	PE	4.41	11.51	28	40	0	8	TRUE	TRUE	TRUE	yes	Neg	Liver	FALSE	yes	100	200
LiverNeg_1008	500ng_no_MS2					1008	538.3142	1.22 - 1.56	538.3142	1.39	3890	1.39	X.M.HCOO..	Lysophosphatidylcholine (16:1)__Phosphatidylcholine (O-16:1)__Phosphatidylethanolamine (O-19:1)	Lysophosphatidylcholine (16:1)	LPC(16:1)	LPC	16	1	LPC	0.47	3.17	18	22	0	5	TRUE	FALSE	TRUE	yes	Neg	Liver	FALSE	yes	100	200
LiverNeg_1008	500ng_no_MS2					1008	538.3142	1.22 - 1.56	538.3142	1.39	3890	1.39	X.M.HCOO..	Lysophosphatidylcholine (16:1)__Phosphatidylcholine (O-16:1)__Phosphatidylethanolamine (O-19:1)	Phosphatidylcholine (O-16:1)	PC-O(16:1)	PC-O	16	1	PC	1.18	14.42	17	42	0	10	TRUE	FALSE	TRUE	yes	Neg	Liver	FALSE	yes	100	200
LiverNeg_1062	500ng_no_MS2					1062	592.3605	2.13 - 2.58	592.3605	2.46	3240	2.46	X.M.HCOO..	Lysophosphatidylcholine (20:2)__Phosphatidylcholine (O-20:2)__Phosphatidylethanolamine (O-23:2)	Lysophosphatidylcholine (20:2)	LPC(20:2)	LPC	20	2	LPC	0.47	3.17	18	22	0	5	TRUE	TRUE	TRUE	yes	Neg	Liver	FALSE	yes	100	200
LiverNeg_1062	500ng_no_MS2					1062	592.3605	2.13 - 2.58	592.3605	2.46	3240	2.46	X.M.HCOO..	Lysophosphatidylcholine (20:2)__Phosphatidylcholine (O-20:2)__Phosphatidylethanolamine (O-23:2)	Phosphatidylcholine (O-20:2)	PC-O(20:2)	PC-O	20	2	PC	1.18	14.42	17	42	0	10	TRUE	TRUE	TRUE	yes	Neg	Liver	FALSE	yes	100	200
LiverNeg_1085	500ng_no_MS2					1085	1023.6948	13.88 - 14.19	1023.6948	14	3050	14	X.M.H..	Phosphatidylinositol (48:5)__Phosphatidylglycerophosphate (48:1)	Phosphatidylinositol (48:5)	PI(48:5)	PI	48	5	PI	7.09	11.6	34	38	1	5	FALSE	FALSE	TRUE	maybe	Neg	Liver	TRUE	maybe	100	150
LiverNeg_1085	500ng_no_MS2					1085	1023.6948	13.88 - 14.19	1023.6948	14	3050	14	X.M.H..	Phosphatidylinositol (48:5)__Phosphatidylglycerophosphate (48:1)	Phosphatidylglycerophosphate (48:1)	PGP(48:1)	PGP	48	1	PGP	5.06	9.41	32	36	1	2	FALSE	FALSE	TRUE	maybe	Neg	Liver	TRUE	maybe	100	150
LiverNeg_1088	500ng_wrong_RT					1088	807.5466	10.33 - 10.60	807.5466	10.51	3010	10.51	X.M.H..	Phosphatidylinositol (O-33:1)	Phosphatidylinositol (O-33:1)	PI-O(33:1)	PI-O	33	1	PI	7.09	11.6	34	38	1	5	TRUE	FALSE	TRUE	yes	Neg	Liver	FALSE	yes	100	150
LiverNeg_1088	500ng_wrong_RT					1088	807.5466	10.33 - 10.60	807.5466	10.51	3010	10.51	X.M.HCOO..	Phosphatidate (O-42:6)__Phosphatidylglycerol (35:1)__Bismonoacylglycerolphosphate (35:1)	Phosphatidate (O-42:6)	PA-O(42:6)	PA-O	42	6	PA	4.69	9.89	30	37	1	2	FALSE	FALSE	FALSE	maybe	Neg	Liver	TRUE	maybe	100	150
LiverNeg_1106	500ng_no_MS2					1106	627.321	2.72 - 3.00	627.321	2.94	2860	2.94	X.M.H..	Phosphatidylglycerol (26:5)__Phosphatidylinositol (19:0)__Bismonoacylglycerolphosphate (26:5)	Phosphatidylglycerol (26:5)	PG(26:5)	PG	26	5	PG/BMP	3.22	10.89	28	38	0	3	FALSE	FALSE	FALSE	maybe	Neg	Liver	TRUE	maybe	100	150
LiverNeg_1106	500ng_no_MS2					1106	627.321	2.72 - 3.00	627.321	2.94	2860	2.94	X.M.H..	Phosphatidylglycerol (26:5)__Phosphatidylinositol (19:0)__Bismonoacylglycerolphosphate (26:5)	Bismonoacylglycerolphosphate (26:5)	BMP(26:5)	BMP	26	5	PG/BMP	3.22	10.89	28	38	0	3	FALSE	FALSE	FALSE	maybe	Neg	Liver	TRUE	maybe	100	150
LiverNeg_1106	500ng_no_MS2					1106	627.321	2.72 - 3.00	627.321	2.94	2860	2.94	X.M.HCOO..	Lysophosphatidylinositol (O-18:2)__Phosphatidate (28:5)	Phosphatidate (28:5)	PA(28:5)	PA	28	5	PA	4.69	9.89	30	37	1	2	FALSE	FALSE	FALSE	maybe	Neg	Liver	TRUE	maybe	100	150
LiverNeg_1155	500ng_no_MS2					1155	797.5314	4.56 - 5.03	797.5314	4.74	2540	4.74	X.M.H..	Phosphatidylglycerol (38:4)__Bismonoacylglycerolphosphate (38:4)	Phosphatidylglycerol (38:4)	PG(38:4)	PG	38	4	PG/BMP	3.22	10.89	28	38	0	3	TRUE	TRUE	FALSE	yes	Neg	Liver	FALSE	yes	100	200
LiverNeg_1155	500ng_no_MS2					1155	797.5314	4.56 - 5.03	797.5314	4.74	2540	4.74	X.M.H..	Phosphatidylglycerol (38:4)__Bismonoacylglycerolphosphate (38:4)	Bismonoacylglycerolphosphate (38:4)	BMP(38:4)	BMP	38	4	PG/BMP	3.22	10.89	28	38	0	3	TRUE	TRUE	FALSE	yes	Neg	Liver	FALSE	yes	100	200
LiverNeg_1155	500ng_no_MS2					1155	797.5314	4.56 - 5.03	797.5314	4.74	2540	4.74	X.M.HCOO..	Phosphatidate (40:4)	Phosphatidate (40:4)	PA(40:4)	PA	40	4	PA	4.69	9.89	30	37	1	2	TRUE	FALSE	FALSE	yes	Neg	Liver	FALSE	yes	100	200
LiverNeg_1181	500ng_wrong_RT					1181	793.5009	5.72 - 6.20	793.5009	6.08	2320	6.08	X.M.H..	Phosphatidylglycerol (38:6)__Bismonoacylglycerolphosphate (38:6)	Phosphatidylglycerol (38:6)	PG(38:6)	PG	38	6	PG/BMP	3.22	10.89	28	38	0	3	TRUE	TRUE	FALSE	yes	Neg	Liver	FALSE	yes	100	200
LiverNeg_1181	500ng_wrong_RT					1181	793.5009	5.72 - 6.20	793.5009	6.08	2320	6.08	X.M.H..	Phosphatidylglycerol (38:6)__Bismonoacylglycerolphosphate (38:6)	Bismonoacylglycerolphosphate (38:6)	BMP(38:6)	BMP	38	6	PG/BMP	3.22	10.89	28	38	0	3	TRUE	TRUE	FALSE	yes	Neg	Liver	FALSE	yes	100	200
LiverNeg_1181	500ng_wrong_RT					1181	793.5009	5.72 - 6.20	793.5009	6.08	2320	6.08	X.M.HCOO..	Phosphatidate (40:6)__Monohexosyldiacylglycerol (34:5)	Phosphatidate (40:6)	PA(40:6)	PA	40	6	PA	4.69	9.89	30	37	1	2	TRUE	FALSE	FALSE	yes	Neg	Liver	FALSE	yes	100	200
LiverNeg_1231	168.04	#987	6.11			1231	747.516	5.72 - 6.10	747.516	5.89	1990	5.89	X.M.H..	Phosphatidylglycerol (34:1)__Bismonoacylglycerolphosphate (34:1)	Phosphatidylglycerol (34:1)	PG(34:1)	PG	34	1	PG/BMP	3.22	10.89	28	38	0	3	TRUE	TRUE	TRUE	yes	Neg	Liver	FALSE	yes	100	200
LiverNeg_1231	NL 60 FA(18:1)					1231	747.516	5.72 - 6.10	747.516	5.89	1990	5.89	X.M.H..	Phosphatidylglycerol (34:1)__Bismonoacylglycerolphosphate (34:1)	Bismonoacylglycerolphosphate (34:1)	BMP(34:1)	BMP	34	1	PG/BMP	3.22	10.89	28	38	0	3	TRUE	TRUE	TRUE	yes	Neg	Liver	FALSE	yes	100	200
LiverNeg_1231	Spectrum of SM(d18:1/16:0)					1231	747.516	5.72 - 6.10	747.516	5.89	1990	5.89	X.M.HCOO..	Phosphatidate (36:1)	Phosphatidate (36:1)	PA(36:1)	PA	36	1	PA	4.69	9.89	30	37	1	2	TRUE	TRUE	TRUE	yes	Neg	Liver	FALSE	yes	100	200
LiverNeg_1318	500ng_wrong_RT					1318	743.4849	5.83 - 6.03	743.4849	5.91	1540	5.91	X.M.H..	Phosphatidylglycerol (34:3)__Bismonoacylglycerolphosphate (34:3)	Phosphatidylglycerol (34:3)	PG(34:3)	PG	34	3	PG/BMP	3.22	10.89	28	38	0	3	TRUE	TRUE	TRUE	yes	Neg	Liver	FALSE	yes	100	200
LiverNeg_1318	500ng_wrong_RT					1318	743.4849	5.83 - 6.03	743.4849	5.91	1540	5.91	X.M.H..	Phosphatidylglycerol (34:3)__Bismonoacylglycerolphosphate (34:3)	Bismonoacylglycerolphosphate (34:3)	BMP(34:3)	BMP	34	3	PG/BMP	3.22	10.89	28	38	0	3	TRUE	TRUE	TRUE	yes	Neg	Liver	FALSE	yes	100	200
LiverNeg_1318	500ng_wrong_RT					1318	743.4849	5.83 - 6.03	743.4849	5.91	1540	5.91	X.M.HCOO..	Phosphatidate (36:3)	Phosphatidate (36:3)	PA(36:3)	PA	36	3	PA	4.69	9.89	30	37	1	2	TRUE	TRUE	FALSE	yes	Neg	Liver	FALSE	yes	100	200
LiverNeg_1319	500ng_wrong_RT					1319	747.517	5.53 - 5.81	747.517	5.63	1540	5.63	X.M.H..	Phosphatidylglycerol (34:1)__Bismonoacylglycerolphosphate (34:1)	Phosphatidylglycerol (34:1)	PG(34:1)	PG	34	1	PG/BMP	3.22	10.89	28	38	0	3	TRUE	TRUE	TRUE	yes	Neg	Liver	FALSE	yes	100	200
LiverNeg_1319	500ng_wrong_RT					1319	747.517	5.53 - 5.81	747.517	5.63	1540	5.63	X.M.H..	Phosphatidylglycerol (34:1)__Bismonoacylglycerolphosphate (34:1)	Bismonoacylglycerolphosphate (34:1)	BMP(34:1)	BMP	34	1	PG/BMP	3.22	10.89	28	38	0	3	TRUE	TRUE	TRUE	yes	Neg	Liver	FALSE	yes	100	200
LiverNeg_1319	500ng_wrong_RT					1319	747.517	5.53 - 5.81	747.517	5.63	1540	5.63	X.M.HCOO..	Phosphatidate (36:1)	Phosphatidate (36:1)	PA(36:1)	PA	36	1	PA	4.69	9.89	30	37	1	2	TRUE	TRUE	TRUE	yes	Neg	Liver	FALSE	yes	100	200
LiverNeg_1322	500ng_no_MS2					1322	771.5151	5.47 - 6.63	771.5151	5.75	1520	5.75	X.M.H..	Phosphatidylglycerol (36:3)__Bismonoacylglycerolphosphate (36:3)__Monohexosyldiacylglycerol (36:7)	Phosphatidylglycerol (36:3)	PG(36:3)	PG	36	3	PG/BMP	3.22	10.89	28	38	0	3	TRUE	TRUE	TRUE	yes	Neg	Liver	FALSE	yes	100	200
LiverNeg_1322	500ng_no_MS2					1322	771.5151	5.47 - 6.63	771.5151	5.75	1520	5.75	X.M.H..	Phosphatidylglycerol (36:3)__Bismonoacylglycerolphosphate (36:3)__Monohexosyldiacylglycerol (36:7)	Bismonoacylglycerolphosphate (36:3)	BMP(36:3)	BMP	36	3	PG/BMP	3.22	10.89	28	38	0	3	TRUE	TRUE	TRUE	yes	Neg	Liver	FALSE	yes	100	200
LiverNeg_1322	500ng_no_MS2					1322	771.5151	5.47 - 6.63	771.5151	5.75	1520	5.75	X.M.HCOO..	Phosphatidate (38:3)	Phosphatidate (38:3)	PA(38:3)	PA	38	3	PA	4.69	9.89	30	37	1	2	TRUE	FALSE	FALSE	yes	Neg	Liver	FALSE	yes	100	200
LiverNeg_1332	500ng_no_MS2					1332	771.5161	4.98 - 5.28	771.5161	5.14	1470	5.14	X.M.H..	Phosphatidylglycerol (36:3)__Bismonoacylglycerolphosphate (36:3)	Phosphatidylglycerol (36:3)	PG(36:3)	PG	36	3	PG/BMP	3.22	10.89	28	38	0	3	TRUE	TRUE	TRUE	yes	Neg	Liver	FALSE	yes	100	200
LiverNeg_1332	500ng_no_MS2					1332	771.5161	4.98 - 5.28	771.5161	5.14	1470	5.14	X.M.H..	Phosphatidylglycerol (36:3)__Bismonoacylglycerolphosphate (36:3)	Bismonoacylglycerolphosphate (36:3)	BMP(36:3)	BMP	36	3	PG/BMP	3.22	10.89	28	38	0	3	TRUE	TRUE	TRUE	yes	Neg	Liver	FALSE	yes	100	200
LiverNeg_1332	500ng_no_MS2					1332	771.5161	4.98 - 5.28	771.5161	5.14	1470	5.14	X.M.HCOO..	Phosphatidate (38:3)	Phosphatidate (38:3)	PA(38:3)	PA	38	3	PA	4.69	9.89	30	37	1	2	TRUE	FALSE	FALSE	yes	Neg	Liver	FALSE	yes	100	200
LiverNeg_201	118.898, 364.17		3.78			201	400.1465	2.59 - 3.96	400.1465	3.79	85300	3.79	X.M.HCOO..	Phosphatidylcholine (5:0)__Phosphatidylethanolamine (8:0)	Phosphatidylcholine (5:0)	PC(5:0)	PC	5	0	PC	1.18	14.42	17	42	0	10	TRUE	FALSE	TRUE	yes	Neg	Liver	FALSE	yes	100	150
LiverNeg_201	PC and PE have dominant FA in the spectra but FA5:0 and FA8;0 is not in the spectrum. 					201	400.1465	2.59 - 3.96	400.1465	3.79	85300	3.79	X.M.HCOO..	Phosphatidylcholine (5:0)__Phosphatidylethanolamine (8:0)	Phosphatidylethanolamine (8:0)	PE(8:0)	PE	8	0	PE	4.41	11.51	28	40	0	8	FALSE	FALSE	TRUE	maybe	Neg	Liver	TRUE	maybe	100	150
LiverNeg_209	500ng_no_MS2					209	941.5482	7.93 - 8.73	941.5482	8.38	81000	8.38	X.M.HCOO..	Phosphatidylglycerol (46:11)__Phosphatidylinositol (39:6)__Phosphatidylglycerophosphate (39:2)__Bismonoacylglycerolphosphate (46:11)	Phosphatidylglycerol (46:11)	PG(46:11)	PG	46	11	PG/BMP	3.22	10.89	28	38	0	3	TRUE	FALSE	FALSE	yes	Neg	Liver	FALSE	yes	82.7586206897	182.7586206897
LiverNeg_209	500ng_no_MS2					209	941.5482	7.93 - 8.73	941.5482	8.38	81000	8.38	X.M.HCOO..	Phosphatidylglycerol (46:11)__Phosphatidylinositol (39:6)__Phosphatidylglycerophosphate (39:2)__Bismonoacylglycerolphosphate (46:11)	Bismonoacylglycerolphosphate (46:11)	BMP(46:11)	BMP	46	11	PG/BMP	3.22	10.89	28	38	0	3	TRUE	FALSE	FALSE	yes	Neg	Liver	FALSE	yes	82.7586206897	182.7586206897
LiverNeg_386	500ng_wrong_RT					386	761.5741	12.46 - 13.08	761.5741	12.84	29600	12.84	X.M.HCOO..	Phosphatidate (O-38:1)__Sphingomyelin (d35:1)__Ceramide phosphoethanolamine (d38:1)	Phosphatidate (O-38:1)	PA-O(38:1)	PA-O	38	1	PA	4.69	9.89	30	37	1	2	FALSE	FALSE	TRUE	maybe	Neg	Liver	TRUE	maybe	100	150
LiverNeg_386	500ng_wrong_RT					386	761.5741	12.46 - 13.08	761.5741	12.84	29600	12.84	X.M.HCOO..	Phosphatidate (O-38:1)__Sphingomyelin (d35:1)__Ceramide phosphoethanolamine (d38:1)	Sphingomyelin (d35:1)	dSM(35:1)	dSM	35	1	d*SM	5.66	14.62	32	42	0	3	TRUE	TRUE	TRUE	yes	Neg	Liver	FALSE	yes	100	150
LiverNeg_447	500ng_no_MS2					447	759.5571	11.51 - 12.44	759.5571	11.94	24300	11.94	X.M.HCOO..	Phosphatidate (O-38:2)__Sphingomyelin (d35:2)__Ceramide phosphoethanolamine (d38:2)	Phosphatidate (O-38:2)	PA-O(38:2)	PA-O	38	2	PA	4.69	9.89	30	37	1	2	FALSE	FALSE	TRUE	maybe	Neg	Liver	TRUE	maybe	100	150
LiverNeg_447	500ng_no_MS2					447	759.5571	11.51 - 12.44	759.5571	11.94	24300	11.94	X.M.HCOO..	Phosphatidate (O-38:2)__Sphingomyelin (d35:2)__Ceramide phosphoethanolamine (d38:2)	Sphingomyelin (d35:2)	dSM(35:2)	dSM	35	2	d*SM	5.66	14.62	32	42	0	3	TRUE	TRUE	TRUE	yes	Neg	Liver	FALSE	yes	100	150
LiverNeg_585	500ng_no_MS2					585	820.6044	9.97 - 10.40	820.6044	10.17	13900	10.17	X.M.HCOO..	Phosphatidylcholine (35:0)__Phosphatidylethanolamine (38:0)__Hexosyl ceramide (d40:5)	Phosphatidylethanolamine (38:0)	PE(38:0)	PE	38	0	PE	4.41	11.51	28	40	0	8	TRUE	TRUE	TRUE	yes	Neg	Liver	FALSE	yes	100	200
LiverNeg_585	500ng_no_MS2					585	820.6044	9.97 - 10.40	820.6044	10.17	13900	10.17	X.M.HCOO..	Phosphatidylcholine (35:0)__Phosphatidylethanolamine (38:0)__Hexosyl ceramide (d40:5)	Hexosyl ceramide (d40:5)	dHexCer(40:5)	dHexCer	40	5	d*HexCer	9.39	15.71	34	42	1	3	TRUE	TRUE	FALSE	yes	Neg	Liver	FALSE	yes	100	200
LiverNeg_750	500ng_no_MS2					750	821.5508	6.41 - 7.34	821.5508	6.41	7830	6.41	X.M.HCOO..	Phosphatidylglycerol (36:1)__Bismonoacylglycerolphosphate (36:1)__Monohexosyldiacylglycerol (36:5)	Phosphatidylglycerol (36:1)	PG(36:1)	PG	36	1	PG/BMP	3.22	10.89	28	38	0	3	TRUE	TRUE	TRUE	yes	Neg	Liver	FALSE	yes	82.7586206897	182.7586206897
LiverNeg_750	500ng_no_MS2					750	821.5508	6.41 - 7.34	821.5508	6.41	7830	6.41	X.M.HCOO..	Phosphatidylglycerol (36:1)__Bismonoacylglycerolphosphate (36:1)__Monohexosyldiacylglycerol (36:5)	Bismonoacylglycerolphosphate (36:1)	BMP(36:1)	BMP	36	1	PG/BMP	3.22	10.89	28	38	0	3	TRUE	TRUE	TRUE	yes	Neg	Liver	FALSE	yes	82.7586206897	182.7586206897
LiverNeg_1002	500ng_no_MS2					1002	689.3696	3.75 - 3.83	689.3696	3.79	3960	3.79	X.M.HCOO..	Phosphatidylglycerol (27:4)__Bismonoacylglycerolphosphate (27:4)	Phosphatidylglycerol (27:4)	PG(27:4)	PG	27	4	PG/BMP	3.22	10.89	28	38	0	3	TRUE	FALSE	FALSE	yes	Neg	Liver	FALSE	yes	82.7586206897	132.7586206897
LiverNeg_1002	500ng_no_MS2					1002	689.3696	3.75 - 3.83	689.3696	3.79	3960	3.79	X.M.HCOO..	Phosphatidylglycerol (27:4)__Bismonoacylglycerolphosphate (27:4)	Bismonoacylglycerolphosphate (27:4)	BMP(27:4)	BMP	27	4	PG/BMP	3.22	10.89	28	38	0	3	TRUE	FALSE	FALSE	yes	Neg	Liver	FALSE	yes	82.7586206897	132.7586206897
LiverNeg_1012	500ng_no_MS2					1012	915.6305	11.11 - 11.44	915.6305	11.36	3860	11.36	X.M.HCOO..	Phosphatidylglycerol (43:3)__Bismonoacylglycerolphosphate (43:3)	Phosphatidylglycerol (43:3)	PG(43:3)	PG	43	3	PG/BMP	3.22	10.89	28	38	0	3	FALSE	FALSE	TRUE	maybe	Neg	Liver	TRUE	maybe	82.7586206897	82.7586206897
LiverNeg_1012	500ng_no_MS2					1012	915.6305	11.11 - 11.44	915.6305	11.36	3860	11.36	X.M.HCOO..	Phosphatidylglycerol (43:3)__Bismonoacylglycerolphosphate (43:3)	Bismonoacylglycerolphosphate (43:3)	BMP(43:3)	BMP	43	3	PG/BMP	3.22	10.89	28	38	0	3	FALSE	FALSE	TRUE	maybe	Neg	Liver	TRUE	maybe	82.7586206897	82.7586206897
LiverNeg_1130	500ng_wrong_RT					1130	817.5311	6.71 - 6.98	817.5311	6.85	2710	6.85	X.M.HCOO..	Phosphatidylglycerol (36:3)__Bismonoacylglycerolphosphate (36:3)	Phosphatidylglycerol (36:3)	PG(36:3)	PG	36	3	PG/BMP	3.22	10.89	28	38	0	3	TRUE	TRUE	TRUE	yes	Neg	Liver	FALSE	yes	82.7586206897	182.7586206897
LiverNeg_1130	500ng_wrong_RT					1130	817.5311	6.71 - 6.98	817.5311	6.85	2710	6.85	X.M.HCOO..	Phosphatidylglycerol (36:3)__Bismonoacylglycerolphosphate (36:3)	Bismonoacylglycerolphosphate (36:3)	BMP(36:3)	BMP	36	3	PG/BMP	3.22	10.89	28	38	0	3	TRUE	TRUE	TRUE	yes	Neg	Liver	FALSE	yes	82.7586206897	182.7586206897
LiverNeg_1282	500ng_wrong_RT					1282	837.4859	6.08 - 6.29	837.4859	6.19	1710	6.19	X.M.HCOO..	Phosphatidylglycerol (38:7)__Phosphatidylinositol (31:2)__Bismonoacylglycerolphosphate (38:7)	Phosphatidylglycerol (38:7)	PG(38:7)	PG	38	7	PG/BMP	3.22	10.89	28	38	0	3	TRUE	TRUE	FALSE	yes	Neg	Liver	FALSE	yes	82.7586206897	182.7586206897
LiverNeg_1282	500ng_wrong_RT					1282	837.4859	6.08 - 6.29	837.4859	6.19	1710	6.19	X.M.HCOO..	Phosphatidylglycerol (38:7)__Phosphatidylinositol (31:2)__Bismonoacylglycerolphosphate (38:7)	Bismonoacylglycerolphosphate (38:7)	BMP(38:7)	BMP	38	7	PG/BMP	3.22	10.89	28	38	0	3	TRUE	TRUE	FALSE	yes	Neg	Liver	FALSE	yes	82.7586206897	182.7586206897
BrainNeg_8	FA(20:1;25:1)		12.21			8	884.6796	11.57 - 12.65	884.6796	12.17	161000	12.17	X.M.H..	Phosphatidylserine (O-44:2)	Phosphatidylserine (O-44:2)	PS-O(44:2)	PS-O	44	2	PS	8.9	10.79	34	36	1	2	FALSE	FALSE	TRUE	maybe	Neg	Brain	TRUE	maybe	100	150
BrainNeg_8	FA do not fit the proposed annotations					8	884.6796	11.57 - 12.65	884.6796	12.17	161000	12.17	X.M.HCOO..	Phosphatidylethanolamine (O-44:3)	Phosphatidylethanolamine (O-44:3)	PE-O(44:3)	PE-O	44	3	PE	4.41	11.51	28	40	0	8	FALSE	FALSE	TRUE	maybe	Neg	Brain	TRUE	maybe	100	150
BrainNeg_14	FA(22:1;20:1)		12.54			14	850.5911	12.12 - 12.96	850.5911	12.51	122000	12.51	X.M.H..	Phosphatidylserine (O-42:5)	Phosphatidylserine (O-42:5)	PS-O(42:5)	PS-O	42	5	PS	8.9	10.79	34	36	1	2	FALSE	FALSE	FALSE	maybe	Neg	Brain	TRUE	maybe	100	150
BrainNeg_14	FA do not fit the proposed annotations					14	850.5911	12.12 - 12.96	850.5911	12.51	122000	12.51	X.M.HCOO..	Phosphatidylcholine (O-39:6)__Phosphatidylethanolamine (O-42:6)__Phosphatidylserine (37:0)	Phosphatidylcholine (O-39:6)	PC-O(39:6)	PC-O	39	6	PC	1.18	14.42	17	42	0	10	TRUE	TRUE	TRUE	yes	Neg	Brain	FALSE	yes	100	150
BrainNeg_14						14	850.5911	12.12 - 12.96	850.5911	12.51	122000	12.51	X.M.HCOO..	Phosphatidylcholine (O-39:6)__Phosphatidylethanolamine (O-42:6)__Phosphatidylserine (37:0)	Phosphatidylethanolamine (O-42:6)	PE-O(42:6)	PE-O	42	6	PE	4.41	11.51	28	40	0	8	FALSE	FALSE	TRUE	maybe	Neg	Brain	TRUE	maybe	100	150
BrainNeg_15	FA(20:1;22:1;20:0;24:4;18:0)	#2498	12.42			15	824.5758	12.03 - 12.80	824.5758	12.45	122000	12.45	X.M.H..	Phosphatidylserine (O-40:4)	Phosphatidylserine (O-40:4)	PS-O(40:4)	PS-O	40	4	PS	8.9	10.79	34	36	1	2	FALSE	FALSE	FALSE	maybe	Neg	Brain	TRUE	maybe	100	150
BrainNeg_15	FA do not fit the proposed annotations					15	824.5758	12.03 - 12.80	824.5758	12.45	122000	12.45	X.M.HCOO..	Phosphatidylcholine (O-37:5)__Phosphatidylethanolamine (O-40:5)	Phosphatidylcholine (O-37:5)	PC-O(37:5)	PC-O	37	5	PC	1.18	14.42	17	42	0	10	TRUE	TRUE	TRUE	yes	Neg	Brain	FALSE	yes	100	150
BrainNeg_16	FA(18:1;16:0) 152.99	#1794	9.72			16	801.5702	9.01 - 9.89	801.5702	9.68	122000	9.68	X.M.H..	Phosphatidylglycerol (38:2)__Bismonoacylglycerolphosphate (38:2)	Phosphatidylglycerol (38:2)	PG(38:2)	PG	38	2	PG/BMP	3.22	10.89	28	38	0	3	TRUE	TRUE	TRUE	yes	Neg	Brain	FALSE	yes	100	200
BrainNeg_16	FA fit to HexDAG(34:1)					16	801.5702	9.01 - 9.89	801.5702	9.68	122000	9.68	X.M.H..	Phosphatidylglycerol (38:2)__Bismonoacylglycerolphosphate (38:2)	Bismonoacylglycerolphosphate (38:2)	BMP(38:2)	BMP	38	2	PG/BMP	3.22	10.89	28	38	0	3	TRUE	TRUE	TRUE	yes	Neg	Brain	FALSE	yes	100	200
BrainNeg_16						16	801.5702	9.01 - 9.89	801.5702	9.68	122000	9.68	X.M.HCOO..	Phosphatidate (40:2)__Sphingomyelin (t37:3)__Ceramide phosphoethanolamine (t40:3)__Monohexosyldiacylglycerol (34:1)	Phosphatidate (40:2)	PA(40:2)	PA	40	2	PA	4.69	9.89	30	37	1	2	TRUE	FALSE	TRUE	yes	Neg	Brain	FALSE	yes	100	200
BrainNeg_30	112.984	#2483	12.35			30	924.672	12.06 - 13.07	924.672	12.44	94400	12.44	X.M.H..	Phosphatidylserine (46:3)	Phosphatidylserine (46:3)	PS(46:3)	PS	46	3	PS	8.9	10.79	34	36	1	2	FALSE	FALSE	FALSE	maybe	Neg	Brain	TRUE	maybe	100	150
BrainNeg_30	bad spectrum only one mass					30	924.672	12.06 - 13.07	924.672	12.44	94400	12.44	X.M.HCOO..	Phosphatidylcholine (43:4)__Phosphatidylethanolamine (46:4)	Phosphatidylcholine (43:4)	PC(43:4)	PC	43	4	PC	1.18	14.42	17	42	0	10	TRUE	FALSE	TRUE	yes	Neg	Brain	FALSE	yes	100	150
BrainNeg_30						30	924.672	12.06 - 13.07	924.672	12.44	94400	12.44	X.M.HCOO..	Phosphatidylcholine (43:4)__Phosphatidylethanolamine (46:4)	Phosphatidylethanolamine (46:4)	PE(46:4)	PE	46	4	PE	4.41	11.51	28	40	0	8	FALSE	FALSE	TRUE	maybe	Neg	Brain	TRUE	maybe	100	150
BrainNeg_35	FA(24:1;18:1)152.99	#2293	11.61	PS(42:2)	M-H	35	870.6191	11.57 - 12.04	870.6191	11.66	87800	11.66	X.M.H..	Phosphatidylserine (42:2)	Phosphatidylserine (42:2)	PS(42:2)	PS	42	2	PS	8.9	10.79	34	36	1	2	FALSE	FALSE	TRUE	maybe	Neg	Brain	TRUE	maybe	100	150
BrainNeg_35	most probably PS(42:2)					35	870.6191	11.57 - 12.04	870.6191	11.66	87800	11.66	X.M.HCOO..	Phosphatidylcholine (39:3)__Phosphatidylethanolamine (42:3)	Phosphatidylcholine (39:3)	PC(39:3)	PC	39	3	PC	1.18	14.42	17	42	0	10	TRUE	TRUE	TRUE	yes	Neg	Brain	FALSE	yes	100	150
BrainNeg_35						35	870.6191	11.57 - 12.04	870.6191	11.66	87800	11.66	X.M.HCOO..	Phosphatidylcholine (39:3)__Phosphatidylethanolamine (42:3)	Phosphatidylethanolamine (42:3)	PE(42:3)	PE	42	3	PE	4.41	11.51	28	40	0	8	FALSE	FALSE	TRUE	maybe	Neg	Brain	TRUE	maybe	100	150
BrainNeg_60	500ng_wrong_RT					60	844.5436	10.21 - 10.86	844.5436	10.63	68200	10.63	X.M.H..	Phosphatidylserine (O-42:8)	Phosphatidylserine (O-42:8)	PS-O(42:8)	PS-O	42	8	PS	8.9	10.79	34	36	1	2	TRUE	FALSE	FALSE	yes	Neg	Brain	FALSE	yes	100	200
BrainNeg_60	500ng_wrong_RT					60	844.5436	10.21 - 10.86	844.5436	10.63	68200	10.63	X.M.HCOO..	Phosphatidylethanolamine (O-42:9)__Phosphatidylserine (37:3)	Phosphatidylethanolamine (O-42:9)	PE-O(42:9)	PE-O	42	9	PE	4.41	11.51	28	40	0	8	TRUE	FALSE	FALSE	yes	Neg	Brain	FALSE	yes	100	200
BrainNeg_61	500ng_no_MS2					61	820.5435	9.60 - 11.06	820.5435	10.28	67200	10.28	X.M.H..	Phosphatidylserine (O-40:6)	Phosphatidylserine (O-40:6)	PS-O(40:6)	PS-O	40	6	PS	8.9	10.79	34	36	1	2	TRUE	FALSE	FALSE	yes	Neg	Brain	FALSE	yes	100	200
BrainNeg_61	500ng_no_MS2					61	820.5435	9.60 - 11.06	820.5435	10.28	67200	10.28	X.M.HCOO..	Phosphatidylcholine (O-37:7)__Phosphatidylethanolamine (O-40:7)__Phosphatidylserine (35:1)	Phosphatidylethanolamine (O-40:7)	PE-O(40:7)	PE-O	40	7	PE	4.41	11.51	28	40	0	8	TRUE	TRUE	TRUE	yes	Neg	Brain	FALSE	yes	100	200
BrainNeg_90	500ng_wrong_RT		9.11			90	838.5529	10.05 - 10.78	838.5529	10.21	46200	10.21	X.M.H..	Phosphatidylserine (40:4)	Phosphatidylserine (40:4)	PS(40:4)	PS	40	4	PS	8.9	10.79	34	36	1	2	TRUE	FALSE	FALSE	yes	Neg	Brain	FALSE	yes	100	200
BrainNeg_90	500ng_wrong_RT					90	838.5529	10.05 - 10.78	838.5529	10.21	46200	10.21	X.M.HCOO..	Phosphatidylcholine (37:5)__Phosphatidylethanolamine (40:5)	Phosphatidylethanolamine (40:5)	PE(40:5)	PE	40	5	PE	4.41	11.51	28	40	0	8	TRUE	TRUE	TRUE	yes	Neg	Brain	FALSE	yes	100	200
BrainNeg_106	FA(22:4;22:3;18:1)		10.73			106	846.6176	10.24 - 10.97	846.6176	10.72	40500	10.72	X.M.H..	Phosphatidylserine (40:0)	Phosphatidylserine (40:0)	PS(40:0)	PS	40	0	PS	8.9	10.79	34	36	1	2	TRUE	FALSE	FALSE	yes	Neg	Brain	FALSE	yes	100	200
BrainNeg_106	FA and fragments do not fit the annotations					106	846.6176	10.24 - 10.97	846.6176	10.72	40500	10.72	X.M.HCOO..	Phosphatidylcholine (37:1)__Phosphatidylethanolamine (40:1)__Hexosyl ceramide (d42:6)	Phosphatidylethanolamine (40:1)	PE(40:1)	PE	40	1	PE	4.41	11.51	28	40	0	8	TRUE	TRUE	TRUE	yes	Neg	Brain	FALSE	yes	100	200
BrainNeg_106						106	846.6176	10.24 - 10.97	846.6176	10.72	40500	10.72	X.M.HCOO..	Phosphatidylcholine (37:1)__Phosphatidylethanolamine (40:1)__Hexosyl ceramide (d42:6)	Hexosyl ceramide (d42:6)	dHexCer(42:6)	dHexCer	42	6	d*HexCer	9.39	15.71	34	42	1	3	TRUE	TRUE	FALSE	yes	Neg	Brain	FALSE	yes	100	200
BrainNeg_118	500ng_no_MS2					118	800.6209	9.89 - 10.78	800.6209	10.47	35200	10.47	X.M.HCOO..	Hexosyl ceramide (d38:1)__Ceramide phosphate (d44:2)	Hexosyl ceramide (d38:1)	dHexCer(38:1)	dHexCer	38	1	d*HexCer	9.39	15.71	34	42	1	3	TRUE	TRUE	TRUE	yes	Neg	Brain	FALSE	yes	100	200
BrainNeg_118	500ng_no_MS2					118	800.6209	9.89 - 10.78	800.6209	10.47	35200	10.47	X.M.HCOO..	Hexosyl ceramide (d38:1)__Ceramide phosphate (d44:2)	Ceramide phosphate (d44:2)	dCerP(44:2)	dCerP	44	2	d*CerP	6.11	13.38	32	42	1	3	TRUE	FALSE	TRUE	yes	Neg	Brain	FALSE	yes	100	200
BrainNeg_123	500ng_wrong_RT		12.51			123	846.6581	13.00 - 13.55	846.6581	13.29	33500	13.29	X.M.HCOO..	Phosphatidylcholine (O-38:1)__Phosphatidylethanolamine (O-41:1)__Hexosyl ceramide (t40:0)	Phosphatidylcholine (O-38:1)	PC-O(38:1)	PC-O	38	1	PC	1.18	14.42	17	42	0	10	TRUE	TRUE	TRUE	yes	Neg	Brain	FALSE	yes	100	200
BrainNeg_123	500ng_wrong_RT					123	846.6581	13.00 - 13.55	846.6581	13.29	33500	13.29	X.M.HCOO..	Phosphatidylcholine (O-38:1)__Phosphatidylethanolamine (O-41:1)__Hexosyl ceramide (t40:0)	Hexosyl ceramide (t40:0)	tHexCer(40:0)	tHexCer	40	0	t*HexCer	8	15.26	34	44	1	3	TRUE	TRUE	FALSE	yes	Neg	Brain	FALSE	yes	100	200
BrainNeg_124	FA(20:1;20:2;22:2;16:0)	#2274	11.53			124	890.6351	11.45 - 11.71	890.6351	11.57	34400	11.57	X.M.HCOO..	Phosphatidylcholine (O-42:7)__Phosphatidylethanolamine (O-45:7)__Hexosyl ceramide (t44:6)	Phosphatidylcholine (O-42:7)	PC-O(42:7)	PC-O	42	7	PC	1.18	14.42	17	42	0	10	TRUE	TRUE	TRUE	yes	Neg	Brain	FALSE	yes	100	200
BrainNeg_124	FA and fragments do not fit the annotations					124	890.6351	11.45 - 11.71	890.6351	11.57	34400	11.57	X.M.HCOO..	Phosphatidylcholine (O-42:7)__Phosphatidylethanolamine (O-45:7)__Hexosyl ceramide (t44:6)	Hexosyl ceramide (t44:6)	tHexCer(44:6)	tHexCer	44	6	t*HexCer	8	15.26	34	44	1	3	TRUE	TRUE	FALSE	yes	Neg	Brain	FALSE	yes	100	200
BrainNeg_128	500ng_wrong_RT		9.14			128	830.6694	12.12 - 12.63	830.6694	12.47	31400	12.47	X.M.HCOO..	Hexosyl ceramide (d40:0)__Ceramide phosphate (d46:1)	Hexosyl ceramide (d40:0)	dHexCer(40:0)	dHexCer	40	0	d*HexCer	9.39	15.71	34	42	1	3	TRUE	TRUE	FALSE	yes	Neg	Brain	FALSE	yes	100	200
BrainNeg_128	500ng_wrong_RT					128	830.6694	12.12 - 12.63	830.6694	12.47	31400	12.47	X.M.HCOO..	Hexosyl ceramide (d40:0)__Ceramide phosphate (d46:1)	Ceramide phosphate (d46:1)	dCerP(46:1)	dCerP	46	1	d*CerP	6.11	13.38	32	42	1	3	TRUE	FALSE	TRUE	yes	Neg	Brain	FALSE	yes	100	200
BrainNeg_134	500ng_wrong_RT		12.35			134	924.6737	13.01 - 13.53	924.6737	13.3	29300	13.3	X.M.H..	Phosphatidylserine (46:3)	Phosphatidylserine (46:3)	PS(46:3)	PS	46	3	PS	8.9	10.79	34	36	1	2	FALSE	FALSE	FALSE	maybe	Neg	Brain	TRUE	maybe	100	150
BrainNeg_134	500ng_wrong_RT					134	924.6737	13.01 - 13.53	924.6737	13.3	29300	13.3	X.M.HCOO..	Phosphatidylcholine (43:4)__Phosphatidylethanolamine (46:4)	Phosphatidylcholine (43:4)	PC(43:4)	PC	43	4	PC	1.18	14.42	17	42	0	10	TRUE	FALSE	TRUE	yes	Neg	Brain	FALSE	yes	100	150
BrainNeg_134	500ng_wrong_RT					134	924.6737	13.01 - 13.53	924.6737	13.3	29300	13.3	X.M.HCOO..	Phosphatidylcholine (43:4)__Phosphatidylethanolamine (46:4)	Phosphatidylethanolamine (46:4)	PE(46:4)	PE	46	4	PE	4.41	11.51	28	40	0	8	FALSE	FALSE	TRUE	maybe	Neg	Brain	TRUE	maybe	100	150
BrainNeg_144	500ng_no_MS2					144	566.3455	0.36 - 2.39	566.3455	2.23	30700	2.23	X.M.HCOO..	Lysophosphatidylcholine (18:1)__Phosphatidylcholine (O-18:1)__Phosphatidylethanolamine (O-21:1)__Hexosyl ceramide (t20:0)	Lysophosphatidylcholine (18:1)	LPC(18:1)	LPC	18	1	LPC	0.47	3.17	18	22	0	5	TRUE	TRUE	TRUE	yes	Neg	Brain	FALSE	yes	100	200
BrainNeg_144	500ng_no_MS2					144	566.3455	0.36 - 2.39	566.3455	2.23	30700	2.23	X.M.HCOO..	Lysophosphatidylcholine (18:1)__Phosphatidylcholine (O-18:1)__Phosphatidylethanolamine (O-21:1)__Hexosyl ceramide (t20:0)	Phosphatidylcholine (O-18:1)	PC-O(18:1)	PC-O	18	1	PC	1.18	14.42	17	42	0	10	TRUE	TRUE	TRUE	yes	Neg	Brain	FALSE	yes	100	200
BrainNeg_152	FA(24:0;18:1)152.99	#2621	12.98	PS(42:1)	M-H	152	872.6363	12.90 - 13.27	872.6363	12.99	26800	12.99	X.M.H..	Phosphatidylserine (42:1)	Phosphatidylserine (42:1)	PS(42:1)	PS	42	1	PS	8.9	10.79	34	36	1	2	FALSE	FALSE	TRUE	maybe	Neg	Brain	TRUE	maybe	100	150
BrainNeg_152	most likely PS(24:0/18:1)					152	872.6363	12.90 - 13.27	872.6363	12.99	26800	12.99	X.M.HCOO..	Phosphatidylcholine (39:2)__Phosphatidylethanolamine (42:2)	Phosphatidylcholine (39:2)	PC(39:2)	PC	39	2	PC	1.18	14.42	17	42	0	10	TRUE	TRUE	TRUE	yes	Neg	Brain	FALSE	yes	100	150
BrainNeg_152						152	872.6363	12.90 - 13.27	872.6363	12.99	26800	12.99	X.M.HCOO..	Phosphatidylcholine (39:2)__Phosphatidylethanolamine (42:2)	Phosphatidylethanolamine (42:2)	PE(42:2)	PE	42	2	PE	4.41	11.51	28	40	0	8	FALSE	FALSE	TRUE	maybe	Neg	Brain	TRUE	maybe	100	150
BrainNeg_155	FA(18:0;22:0;22:1;18:1)152.99	#2257	11.47			155	844.6037	11.13 - 11.63	844.6037	11.38	26400	11.38	X.M.HCOO..	Phosphatidylcholine (37:2)__Phosphatidylethanolamine (40:2)__Hexosyl ceramide (d42:7)	Phosphatidylethanolamine (40:2)	PE(40:2)	PE	40	2	PE	4.41	11.51	28	40	0	8	TRUE	TRUE	TRUE	yes	Neg	Brain	FALSE	yes	100	200
BrainNeg_155	FA and fragments do not fit the annotations					155	844.6037	11.13 - 11.63	844.6037	11.38	26400	11.38	X.M.HCOO..	Phosphatidylcholine (37:2)__Phosphatidylethanolamine (40:2)__Hexosyl ceramide (d42:7)	Hexosyl ceramide (d42:7)	dHexCer(42:7)	dHexCer	42	7	d*HexCer	9.39	15.71	34	42	1	3	TRUE	TRUE	FALSE	yes	Neg	Brain	FALSE	yes	100	200
BrainNeg_162	500ng_no_MS2					162	950.6879	12.84 - 13.57	950.6879	13.23	23700	13.23	X.M.H..	Phosphatidylserine (48:4)	Phosphatidylserine (48:4)	PS(48:4)	PS	48	4	PS	8.9	10.79	34	36	1	2	FALSE	FALSE	FALSE	maybe	Neg	Brain	TRUE	maybe	100	150
BrainNeg_162	500ng_no_MS2					162	950.6879	12.84 - 13.57	950.6879	13.23	23700	13.23	X.M.HCOO..	Phosphatidylcholine (45:5)__Phosphatidylethanolamine (48:5)__Dihexosyl ceramide (d37:0)	Phosphatidylcholine (45:5)	PC(45:5)	PC	45	5	PC	1.18	14.42	17	42	0	10	TRUE	FALSE	TRUE	yes	Neg	Brain	FALSE	yes	100	150
BrainNeg_162	500ng_no_MS2					162	950.6879	12.84 - 13.57	950.6879	13.23	23700	13.23	X.M.HCOO..	Phosphatidylcholine (45:5)__Phosphatidylethanolamine (48:5)__Dihexosyl ceramide (d37:0)	Phosphatidylethanolamine (48:5)	PE(48:5)	PE	48	5	PE	4.41	11.51	28	40	0	8	FALSE	FALSE	TRUE	maybe	Neg	Brain	TRUE	maybe	100	150
BrainNeg_164	500ng_no_MS2					164	908.5488	12.16 - 12.82	908.5488	12.54	23400	12.54	X.M.H..	Phosphatidylserine (46:11)	Phosphatidylserine (46:11)	PS(46:11)	PS	46	11	PS	8.9	10.79	34	36	1	2	FALSE	FALSE	FALSE	maybe	Neg	Brain	TRUE	maybe	100	150
BrainNeg_164	500ng_no_MS2					164	908.5488	12.16 - 12.82	908.5488	12.54	23400	12.54	X.M.HCOO..	Phosphatidylethanolamine (46:12)	Phosphatidylethanolamine (46:12)	PE(46:12)	PE	46	12	PE	4.41	11.51	28	40	0	8	FALSE	FALSE	FALSE	maybe	Neg	Brain	TRUE	maybe	100	150
BrainNeg_178	500ng_wrong_RT		11.12			178	852.6075	13.39 - 13.99	852.6075	13.67	22800	13.67	X.M.H..	Phosphatidylserine (O-42:4)	Phosphatidylserine (O-42:4)	PS-O(42:4)	PS-O	42	4	PS	8.9	10.79	34	36	1	2	FALSE	FALSE	FALSE	maybe	Neg	Brain	TRUE	maybe	100	150
BrainNeg_178	500ng_wrong_RT					178	852.6075	13.39 - 13.99	852.6075	13.67	22800	13.67	X.M.HCOO..	Phosphatidylcholine (O-39:5)__Phosphatidylethanolamine (O-42:5)	Phosphatidylcholine (O-39:5)	PC-O(39:5)	PC-O	39	5	PC	1.18	14.42	17	42	0	10	TRUE	TRUE	TRUE	yes	Neg	Brain	FALSE	yes	100	150
BrainNeg_178	500ng_wrong_RT					178	852.6075	13.39 - 13.99	852.6075	13.67	22800	13.67	X.M.HCOO..	Phosphatidylcholine (O-39:5)__Phosphatidylethanolamine (O-42:5)	Phosphatidylethanolamine (O-42:5)	PE-O(42:5)	PE-O	42	5	PE	4.41	11.51	28	40	0	8	FALSE	FALSE	TRUE	maybe	Neg	Brain	TRUE	maybe	100	150
BrainNeg_179	500ng_wrong_RT		10.18			179	900.7113	13.04 - 14.24	900.7113	13.42	21900	13.42	X.M.HCOO..	Phosphatidylcholine (O-42:2)__Hexosyl ceramide (t44:1)	Phosphatidylcholine (O-42:2)	PC-O(42:2)	PC-O	42	2	PC	1.18	14.42	17	42	0	10	TRUE	TRUE	TRUE	yes	Neg	Brain	FALSE	yes	100	200
BrainNeg_179	500ng_wrong_RT					179	900.7113	13.04 - 14.24	900.7113	13.42	21900	13.42	X.M.HCOO..	Phosphatidylcholine (O-42:2)__Hexosyl ceramide (t44:1)	Hexosyl ceramide (t44:1)	tHexCer(44:1)	tHexCer	44	1	t*HexCer	8	15.26	34	44	1	3	TRUE	TRUE	TRUE	yes	Neg	Brain	FALSE	yes	100	200
BrainNeg_180	500ng_wrong_RT		9.75			180	874.6981	13.12 - 13.80	874.6981	13.38	22900	13.38	X.M.HCOO..	Phosphatidylcholine (O-40:1)__Phosphatidylethanolamine (O-43:1)__Hexosyl ceramide (t42:0)	Phosphatidylcholine (O-40:1)	PC-O(40:1)	PC-O	40	1	PC	1.18	14.42	17	42	0	10	TRUE	TRUE	TRUE	yes	Neg	Brain	FALSE	yes	100	200
BrainNeg_180	500ng_wrong_RT					180	874.6981	13.12 - 13.80	874.6981	13.38	22900	13.38	X.M.HCOO..	Phosphatidylcholine (O-40:1)__Phosphatidylethanolamine (O-43:1)__Hexosyl ceramide (t42:0)	Hexosyl ceramide (t42:0)	tHexCer(42:0)	tHexCer	42	0	t*HexCer	8	15.26	34	44	1	3	TRUE	TRUE	FALSE	yes	Neg	Brain	FALSE	yes	100	200
BrainNeg_187	FA(24:1;18:0;18:1;24:3)152.99	#2101	10.89	PS(42:2)	M-H	187	870.6207	10.21 - 10.99	870.6207	10.67	22900	10.67	X.M.H..	Phosphatidylserine (42:2)	Phosphatidylserine (42:2)	PS(42:2)	PS	42	2	PS	8.9	10.79	34	36	1	2	TRUE	FALSE	TRUE	yes	Neg	Brain	FALSE	yes	100	200
BrainNeg_187	most likely PS(24:1/18:1)					187	870.6207	10.21 - 10.99	870.6207	10.67	22900	10.67	X.M.HCOO..	Phosphatidylcholine (39:3)__Phosphatidylethanolamine (42:3)	Phosphatidylethanolamine (42:3)	PE(42:3)	PE	42	3	PE	4.41	11.51	28	40	0	8	TRUE	FALSE	TRUE	yes	Neg	Brain	FALSE	yes	100	200
BrainNeg_211	FA(26:1;24:2;18:1)152.99	#2593	12.84	PS(44:2)	M-H	211	898.6515	12.86 - 13.27	898.6515	12.94	19600	12.94	X.M.H..	Phosphatidylserine (44:2)	Phosphatidylserine (44:2)	PS(44:2)	PS	44	2	PS	8.9	10.79	34	36	1	2	FALSE	FALSE	TRUE	maybe	Neg	Brain	TRUE	maybe	100	150
BrainNeg_211	most likely PS(26:1/18:1)					211	898.6515	12.86 - 13.27	898.6515	12.94	19600	12.94	X.M.HCOO..	Phosphatidylcholine (41:3)__Phosphatidylethanolamine (44:3)	Phosphatidylcholine (41:3)	PC(41:3)	PC	41	3	PC	1.18	14.42	17	42	0	10	TRUE	TRUE	TRUE	yes	Neg	Brain	FALSE	yes	100	150
BrainNeg_211						211	898.6515	12.86 - 13.27	898.6515	12.94	19600	12.94	X.M.HCOO..	Phosphatidylcholine (41:3)__Phosphatidylethanolamine (44:3)	Phosphatidylethanolamine (44:3)	PE(44:3)	PE	44	3	PE	4.41	11.51	28	40	0	8	FALSE	FALSE	TRUE	maybe	Neg	Brain	TRUE	maybe	100	150
BrainNeg_223	500ng_wrong_RT		12.95			223	882.5344	12.08 - 12.71	882.5344	12.44	17700	12.44	X.M.H..	Phosphatidylserine (44:10)	Phosphatidylserine (44:10)	PS(44:10)	PS	44	10	PS	8.9	10.79	34	36	1	2	FALSE	FALSE	FALSE	maybe	Neg	Brain	TRUE	maybe	100	150
BrainNeg_223	500ng_wrong_RT					223	882.5344	12.08 - 12.71	882.5344	12.44	17700	12.44	X.M.HCOO..	Phosphatidylethanolamine (44:11)	Phosphatidylethanolamine (44:11)	PE(44:11)	PE	44	11	PE	4.41	11.51	28	40	0	8	FALSE	FALSE	FALSE	maybe	Neg	Brain	TRUE	maybe	100	150
BrainNeg_224	500ng_wrong_RT		9.75			224	874.5909	11.75 - 12.36	874.5909	12.03	17900	12.03	X.M.H..	Phosphatidylserine (O-44:7)	Phosphatidylserine (O-44:7)	PS-O(44:7)	PS-O	44	7	PS	8.9	10.79	34	36	1	2	FALSE	FALSE	FALSE	maybe	Neg	Brain	TRUE	maybe	100	150
BrainNeg_224	500ng_wrong_RT					224	874.5909	11.75 - 12.36	874.5909	12.03	17900	12.03	X.M.HCOO..	Phosphatidylethanolamine (O-44:8)__Phosphatidylserine (39:2)	Phosphatidylethanolamine (O-44:8)	PE-O(44:8)	PE-O	44	8	PE	4.41	11.51	28	40	0	8	FALSE	FALSE	TRUE	maybe	Neg	Brain	TRUE	maybe	100	150
BrainNeg_242	500ng_wrong_RT		9.16			242	886.6968	13.34 - 13.73	886.6968	13.57	16700	13.57	X.M.H..	Phosphatidylserine (O-44:1)__Ceramide phosphate (d54:6)	Phosphatidylserine (O-44:1)	PS-O(44:1)	PS-O	44	1	PS	8.9	10.79	34	36	1	2	FALSE	FALSE	TRUE	maybe	Neg	Brain	TRUE	maybe	100	150
BrainNeg_242	500ng_wrong_RT					242	886.6968	13.34 - 13.73	886.6968	13.57	16700	13.57	X.M.HCOO..	Phosphatidylcholine (O-41:2)__Phosphatidylethanolamine (O-44:2)__Hexosyl ceramide (t43:1)	Phosphatidylcholine (O-41:2)	PC-O(41:2)	PC-O	41	2	PC	1.18	14.42	17	42	0	10	TRUE	TRUE	TRUE	yes	Neg	Brain	FALSE	yes	100	150
BrainNeg_242	500ng_wrong_RT					242	886.6968	13.34 - 13.73	886.6968	13.57	16700	13.57	X.M.HCOO..	Phosphatidylcholine (O-41:2)__Phosphatidylethanolamine (O-44:2)__Hexosyl ceramide (t43:1)	Phosphatidylethanolamine (O-44:2)	PE-O(44:2)	PE-O	44	2	PE	4.41	11.51	28	40	0	8	FALSE	FALSE	TRUE	maybe	Neg	Brain	TRUE	maybe	100	150
BrainNeg_242	500ng_wrong_RT					242	886.6968	13.34 - 13.73	886.6968	13.57	16700	13.57	X.M.HCOO..	Phosphatidylcholine (O-41:2)__Phosphatidylethanolamine (O-44:2)__Hexosyl ceramide (t43:1)	Hexosyl ceramide (t43:1)	tHexCer(43:1)	tHexCer	43	1	t*HexCer	8	15.26	34	44	1	3	TRUE	TRUE	TRUE	yes	Neg	Brain	FALSE	yes	100	150
BrainNeg_243	500ng_no_MS2		10.08			243	968.6465	11.54 - 12.11	968.6465	11.91	16600	11.91	X.M.H..	Phosphatidylserine (50:9)	Phosphatidylserine (50:9)	PS(50:9)	PS	50	9	PS	8.9	10.79	34	36	1	2	FALSE	FALSE	FALSE	maybe	Neg	Brain	TRUE	maybe	100	150
BrainNeg_243	500ng_no_MS2					243	968.6465	11.54 - 12.11	968.6465	11.91	16600	11.91	X.M.HCOO..	Phosphatidylethanolamine (50:10)	Phosphatidylethanolamine (50:10)	PE(50:10)	PE	50	10	PE	4.41	11.51	28	40	0	8	FALSE	FALSE	FALSE	maybe	Neg	Brain	TRUE	maybe	100	150
BrainNeg_244	500ng_no_MS2	#2445	12.2			244	858.6574	12.13 - 12.22	858.6574	12.18	16400	12.18	X.M.H..	Phosphatidylserine (O-42:1)	Phosphatidylserine (O-42:1)	PS-O(42:1)	PS-O	42	1	PS	8.9	10.79	34	36	1	2	FALSE	FALSE	TRUE	maybe	Neg	Brain	TRUE	maybe	100	150
BrainNeg_244	500ng_no_MS2					244	858.6574	12.13 - 12.22	858.6574	12.18	16400	12.18	X.M.HCOO..	Phosphatidylcholine (O-39:2)__Phosphatidylethanolamine (O-42:2)	Phosphatidylcholine (O-39:2)	PC-O(39:2)	PC-O	39	2	PC	1.18	14.42	17	42	0	10	TRUE	TRUE	TRUE	yes	Neg	Brain	FALSE	yes	100	150
BrainNeg_244	500ng_no_MS2					244	858.6574	12.13 - 12.22	858.6574	12.18	16400	12.18	X.M.HCOO..	Phosphatidylcholine (O-39:2)__Phosphatidylethanolamine (O-42:2)	Phosphatidylethanolamine (O-42:2)	PE-O(42:2)	PE-O	42	2	PE	4.41	11.51	28	40	0	8	FALSE	FALSE	TRUE	maybe	Neg	Brain	TRUE	maybe	100	150
BrainNeg_259	FA(20:1)	#2186	11.2			259	840.5707	11.29 - 11.83	840.5707	11.69	14800	11.69	X.M.H..	Phosphatidylserine (40:3)	Phosphatidylserine (40:3)	PS(40:3)	PS	40	3	PS	8.9	10.79	34	36	1	2	FALSE	FALSE	FALSE	maybe	Neg	Brain	TRUE	maybe	100	150
BrainNeg_259	FA do not match to any annotations					259	840.5707	11.29 - 11.83	840.5707	11.69	14800	11.69	X.M.HCOO..	Phosphatidylcholine (37:4)__Phosphatidylethanolamine (40:4)	Phosphatidylcholine (37:4)	PC(37:4)	PC	37	4	PC	1.18	14.42	17	42	0	10	TRUE	TRUE	TRUE	yes	Neg	Brain	FALSE	yes	100	150
BrainNeg_263	FA(18:1)	#1737	9.5			263	862.6039	8.80 - 9.47	862.6039	9.34	14500	9.34	X.M.HCOO..	Phosphatidylcholine (O-40:7)__Phosphatidylethanolamine (O-43:7)__Hexosyl ceramide (t42:6)	Phosphatidylcholine (O-40:7)	PC-O(40:7)	PC-O	40	7	PC	1.18	14.42	17	42	0	10	TRUE	TRUE	TRUE	yes	Neg	Brain	FALSE	yes	100	200
BrainNeg_263	FA do not match to any annotations					263	862.6039	8.80 - 9.47	862.6039	9.34	14500	9.34	X.M.HCOO..	Phosphatidylcholine (O-40:7)__Phosphatidylethanolamine (O-43:7)__Hexosyl ceramide (t42:6)	Hexosyl ceramide (t42:6)	tHexCer(42:6)	tHexCer	42	6	t*HexCer	8	15.26	34	44	1	3	TRUE	TRUE	FALSE	yes	Neg	Brain	FALSE	yes	100	200
BrainNeg_264	FA(20:1;18:1)	#1969	10.39			264	868.603	10.47 - 10.80	868.603	10.6	14100	10.6	X.M.H..	Phosphatidylserine (42:3)	Phosphatidylserine (42:3)	PS(42:3)	PS	42	3	PS	8.9	10.79	34	36	1	2	TRUE	FALSE	FALSE	yes	Neg	Brain	FALSE	yes	100	200
BrainNeg_264	FA do not match to any annotations					264	868.603	10.47 - 10.80	868.603	10.6	14100	10.6	X.M.HCOO..	Phosphatidylcholine (39:4)__Phosphatidylethanolamine (42:4)	Phosphatidylethanolamine (42:4)	PE(42:4)	PE	42	4	PE	4.41	11.51	28	40	0	8	TRUE	FALSE	TRUE	yes	Neg	Brain	FALSE	yes	100	200
BrainNeg_276	500ng_wrong_RT		10.18			276	900.7118	13.97 - 14.32	900.7118	14.14	13400	14.14	X.M.HCOO..	Phosphatidylcholine (O-42:2)__Hexosyl ceramide (t44:1)	Phosphatidylcholine (O-42:2)	PC-O(42:2)	PC-O	42	2	PC	1.18	14.42	17	42	0	10	TRUE	TRUE	TRUE	yes	Neg	Brain	FALSE	yes	100	200
BrainNeg_276	500ng_wrong_RT					276	900.7118	13.97 - 14.32	900.7118	14.14	13400	14.14	X.M.HCOO..	Phosphatidylcholine (O-42:2)__Hexosyl ceramide (t44:1)	Hexosyl ceramide (t44:1)	tHexCer(44:1)	tHexCer	44	1	t*HexCer	8	15.26	34	44	1	3	TRUE	TRUE	TRUE	yes	Neg	Brain	FALSE	yes	100	200
BrainNeg_297	500ng_wrong_RT		9.87			297	866.5844	11.54 - 12.10	866.5844	11.71	11700	11.71	X.M.H..	Phosphatidylserine (42:4)	Phosphatidylserine (42:4)	PS(42:4)	PS	42	4	PS	8.9	10.79	34	36	1	2	FALSE	FALSE	FALSE	maybe	Neg	Brain	TRUE	maybe	100	150
BrainNeg_297	500ng_wrong_RT					297	866.5844	11.54 - 12.10	866.5844	11.71	11700	11.71	X.M.HCOO..	Phosphatidylcholine (39:5)__Phosphatidylethanolamine (42:5)__Dihexosyl ceramide (d31:0)	Phosphatidylcholine (39:5)	PC(39:5)	PC	39	5	PC	1.18	14.42	17	42	0	10	TRUE	TRUE	TRUE	yes	Neg	Brain	FALSE	yes	100	150
BrainNeg_297	500ng_wrong_RT					297	866.5844	11.54 - 12.10	866.5844	11.71	11700	11.71	X.M.HCOO..	Phosphatidylcholine (39:5)__Phosphatidylethanolamine (42:5)__Dihexosyl ceramide (d31:0)	Phosphatidylethanolamine (42:5)	PE(42:5)	PE	42	5	PE	4.41	11.51	28	40	0	8	FALSE	FALSE	TRUE	maybe	Neg	Brain	TRUE	maybe	100	150
BrainNeg_303	500ng_wrong_RT		9.04			303	878.6233	13.52 - 14.00	878.6233	13.77	11700	13.77	X.M.H..	Phosphatidylserine (O-44:5)	Phosphatidylserine (O-44:5)	PS-O(44:5)	PS-O	44	5	PS	8.9	10.79	34	36	1	2	FALSE	FALSE	FALSE	maybe	Neg	Brain	TRUE	maybe	100	150
BrainNeg_303	500ng_wrong_RT					303	878.6233	13.52 - 14.00	878.6233	13.77	11700	13.77	X.M.HCOO..	Phosphatidylcholine (O-41:6)__Phosphatidylethanolamine (O-44:6)	Phosphatidylcholine (O-41:6)	PC-O(41:6)	PC-O	41	6	PC	1.18	14.42	17	42	0	10	TRUE	TRUE	TRUE	yes	Neg	Brain	FALSE	yes	100	150
BrainNeg_303	500ng_wrong_RT					303	878.6233	13.52 - 14.00	878.6233	13.77	11700	13.77	X.M.HCOO..	Phosphatidylcholine (O-41:6)__Phosphatidylethanolamine (O-44:6)	Phosphatidylethanolamine (O-44:6)	PE-O(44:6)	PE-O	44	6	PE	4.41	11.51	28	40	0	8	FALSE	FALSE	TRUE	maybe	Neg	Brain	TRUE	maybe	100	150
BrainNeg_306	168.04 FA(23:0)	#2526	12.53			306	858.6538	12.52 - 12.75	858.6538	12.58	11500	12.58	X.M.H..	Phosphatidylserine (O-42:1)__Hexosyl ceramide (t45:6)	Phosphatidylserine (O-42:1)	PS-O(42:1)	PS-O	42	1	PS	8.9	10.79	34	36	1	2	FALSE	FALSE	TRUE	maybe	Neg	Brain	TRUE	maybe	100	150
BrainNeg_306	Mass 0.1 off					306	858.6538	12.52 - 12.75	858.6538	12.58	11500	12.58	X.M.HCOO..	Phosphatidylcholine (O-39:2)__Phosphatidylethanolamine (O-42:2)	Phosphatidylcholine (O-39:2)	PC-O(39:2)	PC-O	39	2	PC	1.18	14.42	17	42	0	10	TRUE	TRUE	TRUE	yes	Neg	Brain	FALSE	yes	100	150
BrainNeg_306						306	858.6538	12.52 - 12.75	858.6538	12.58	11500	12.58	X.M.HCOO..	Phosphatidylcholine (O-39:2)__Phosphatidylethanolamine (O-42:2)	Phosphatidylethanolamine (O-42:2)	PE-O(42:2)	PE-O	42	2	PE	4.41	11.51	28	40	0	8	FALSE	FALSE	TRUE	maybe	Neg	Brain	TRUE	maybe	100	150
BrainNeg_315	500ng_no_MS2					315	916.65	10.32 - 11.63	916.65	10.44	10800	10.44	X.M.H..	Phosphatidylserine (O-47:7)__Sulfohexosyl ceramide (d44:2)	Sulfohexosyl ceramide (d44:2)	dSHexCer(44:2)	dSHexCer	44	2	d*SHexCer	9.59	10.66	42	42	1	2	TRUE	FALSE	TRUE	yes	Neg	Brain	FALSE	yes	100	200
BrainNeg_315	500ng_no_MS2					315	916.65	10.32 - 11.63	916.65	10.44	10800	10.44	X.M.HCOO..	Phosphatidylcholine (O-44:8)	Phosphatidylcholine (O-44:8)	PC-O(44:8)	PC-O	44	8	PC	1.18	14.42	17	42	0	10	TRUE	FALSE	TRUE	yes	Neg	Brain	FALSE	yes	100	200
BrainNeg_319	FA(18:1;22:1)	#2337	11.78			319	896.6429	11.58 - 12.12	896.6429	11.9	10500	11.9	X.M.H..	Phosphatidylserine (44:3)	Phosphatidylserine (44:3)	PS(44:3)	PS	44	3	PS	8.9	10.79	34	36	1	2	FALSE	FALSE	FALSE	maybe	Neg	Brain	TRUE	maybe	100	150
BrainNeg_319	FA do not match to any annotations					319	896.6429	11.58 - 12.12	896.6429	11.9	10500	11.9	X.M.HCOO..	Phosphatidylcholine (41:4)__Phosphatidylethanolamine (44:4)	Phosphatidylcholine (41:4)	PC(41:4)	PC	41	4	PC	1.18	14.42	17	42	0	10	TRUE	TRUE	TRUE	yes	Neg	Brain	FALSE	yes	100	150
BrainNeg_319						319	896.6429	11.58 - 12.12	896.6429	11.9	10500	11.9	X.M.HCOO..	Phosphatidylcholine (41:4)__Phosphatidylethanolamine (44:4)	Phosphatidylethanolamine (44:4)	PE(44:4)	PE	44	4	PE	4.41	11.51	28	40	0	8	FALSE	FALSE	TRUE	maybe	Neg	Brain	TRUE	maybe	100	150
BrainNeg_328	500ng_no_MS2					328	920.6366	10.47 - 10.92	920.6366	10.78	10000	10.78	X.M.H..	Phosphatidylserine (46:5)	Phosphatidylserine (46:5)	PS(46:5)	PS	46	5	PS	8.9	10.79	34	36	1	2	TRUE	FALSE	FALSE	yes	Neg	Brain	FALSE	yes	100	200
BrainNeg_328	500ng_no_MS2					328	920.6366	10.47 - 10.92	920.6366	10.78	10000	10.78	X.M.HCOO..	Phosphatidylcholine (43:6)__Phosphatidylethanolamine (46:6)__Dihexosyl ceramide (d35:1)	Phosphatidylethanolamine (46:6)	PE(46:6)	PE	46	6	PE	4.41	11.51	28	40	0	8	TRUE	FALSE	TRUE	yes	Neg	Brain	FALSE	yes	100	200
BrainNeg_332	500ng_no_MS2					332	894.6239	10.47 - 11.24	894.6239	10.54	9730	10.54	X.M.H..	Phosphatidylserine (44:4)	Phosphatidylserine (44:4)	PS(44:4)	PS	44	4	PS	8.9	10.79	34	36	1	2	TRUE	FALSE	FALSE	yes	Neg	Brain	FALSE	yes	100	200
BrainNeg_332	500ng_no_MS2					332	894.6239	10.47 - 11.24	894.6239	10.54	9730	10.54	X.M.HCOO..	Phosphatidylcholine (41:5)__Phosphatidylethanolamine (44:5)__Dihexosyl ceramide (d33:0)	Phosphatidylethanolamine (44:5)	PE(44:5)	PE	44	5	PE	4.41	11.51	28	40	0	8	TRUE	FALSE	TRUE	yes	Neg	Brain	FALSE	yes	100	200
BrainNeg_340	500ng_no_MS2	#1947	10.3			340	862.6038	10.09 - 10.36	862.6038	10.21	9450	10.21	X.M.H..	Phosphatidylserine (O-43:6)__Sulfohexosyl ceramide (d40:1)	Sulfohexosyl ceramide (d40:1)	dSHexCer(40:1)	dSHexCer	40	1	d*SHexCer	9.59	10.66	42	42	1	2	TRUE	FALSE	TRUE	yes	Neg	Brain	FALSE	yes	100	200
BrainNeg_340	500ng_no_MS2					340	862.6038	10.09 - 10.36	862.6038	10.21	9450	10.21	X.M.HCOO..	Phosphatidylcholine (O-40:7)__Phosphatidylethanolamine (O-43:7)__Hexosyl ceramide (t42:6)	Phosphatidylcholine (O-40:7)	PC-O(40:7)	PC-O	40	7	PC	1.18	14.42	17	42	0	10	TRUE	TRUE	TRUE	yes	Neg	Brain	FALSE	yes	100	200
BrainNeg_340	500ng_no_MS2					340	862.6038	10.09 - 10.36	862.6038	10.21	9450	10.21	X.M.HCOO..	Phosphatidylcholine (O-40:7)__Phosphatidylethanolamine (O-43:7)__Hexosyl ceramide (t42:6)	Hexosyl ceramide (t42:6)	tHexCer(42:6)	tHexCer	42	6	t*HexCer	8	15.26	34	44	1	3	TRUE	TRUE	FALSE	yes	Neg	Brain	FALSE	yes	100	200
BrainNeg_379	500ng_no_MS2					379	955.6389	11.15 - 11.60	955.6389	11.54	7670	11.54	X.M.H..	Phosphatidylglycerol (50:9)__Phosphatidylglycerophosphate (43:0)__Bismonoacylglycerolphosphate (50:9)	Phosphatidylglycerol (50:9)	PG(50:9)	PG	50	9	PG/BMP	3.22	10.89	28	38	0	3	FALSE	FALSE	FALSE	maybe	Neg	Brain	TRUE	maybe	100	150
BrainNeg_379	500ng_no_MS2					379	955.6389	11.15 - 11.60	955.6389	11.54	7670	11.54	X.M.H..	Phosphatidylglycerol (50:9)__Phosphatidylglycerophosphate (43:0)__Bismonoacylglycerolphosphate (50:9)	Bismonoacylglycerolphosphate (50:9)	BMP(50:9)	BMP	50	9	PG/BMP	3.22	10.89	28	38	0	3	FALSE	FALSE	FALSE	maybe	Neg	Brain	TRUE	maybe	100	150
BrainNeg_379	500ng_no_MS2					379	955.6389	11.15 - 11.60	955.6389	11.54	7670	11.54	X.M.HCOO..	Phosphatidate (52:9)	Phosphatidate (52:9)	PA(52:9)	PA	52	9	PA	4.69	9.89	30	37	1	2	FALSE	FALSE	FALSE	maybe	Neg	Brain	TRUE	maybe	100	150
BrainNeg_416	500ng_no_MS2					416	894.6617	10.28 - 10.97	894.6617	10.78	6330	10.78	X.M.HCOO..	Phosphatidylcholine (O-42:5)__Phosphatidylethanolamine (O-45:5)__Hexosyl ceramide (t44:4)	Phosphatidylcholine (O-42:5)	PC-O(42:5)	PC-O	42	5	PC	1.18	14.42	17	42	0	10	TRUE	TRUE	TRUE	yes	Neg	Brain	FALSE	yes	100	200
BrainNeg_416	500ng_no_MS2					416	894.6617	10.28 - 10.97	894.6617	10.78	6330	10.78	X.M.HCOO..	Phosphatidylcholine (O-42:5)__Phosphatidylethanolamine (O-45:5)__Hexosyl ceramide (t44:4)	Hexosyl ceramide (t44:4)	tHexCer(44:4)	tHexCer	44	4	t*HexCer	8	15.26	34	44	1	3	TRUE	TRUE	FALSE	yes	Neg	Brain	FALSE	yes	100	200
BrainNeg_471	FA(20:1;22:1;20:0)		12.39			471	892.6493	11.85 - 12.16	892.6493	12	5020	12	X.M.HCOO..	Phosphatidylcholine (O-42:6)__Phosphatidylethanolamine (O-45:6)__Hexosyl ceramide (t44:5)	Phosphatidylcholine (O-42:6)	PC-O(42:6)	PC-O	42	6	PC	1.18	14.42	17	42	0	10	TRUE	TRUE	TRUE	yes	Neg	Brain	FALSE	yes	100	200
BrainNeg_471	FA do not match to any annotations					471	892.6493	11.85 - 12.16	892.6493	12	5020	12	X.M.HCOO..	Phosphatidylcholine (O-42:6)__Phosphatidylethanolamine (O-45:6)__Hexosyl ceramide (t44:5)	Hexosyl ceramide (t44:5)	tHexCer(44:5)	tHexCer	44	5	t*HexCer	8	15.26	34	44	1	3	TRUE	TRUE	FALSE	yes	Neg	Brain	FALSE	yes	100	200
BrainNeg_477	500ng_no_MS2					477	905.62	6.75 - 7.54	905.62	6.95	4830	6.95	X.M.H..	Phosphatidylglycerol (46:6)__Phosphatidylinositol (39:1)__Bismonoacylglycerolphosphate (46:6)	Phosphatidylglycerol (46:6)	PG(46:6)	PG	46	6	PG/BMP	3.22	10.89	28	38	0	3	TRUE	FALSE	FALSE	yes	Neg	Brain	FALSE	yes	100	200
BrainNeg_477	500ng_no_MS2					477	905.62	6.75 - 7.54	905.62	6.95	4830	6.95	X.M.H..	Phosphatidylglycerol (46:6)__Phosphatidylinositol (39:1)__Bismonoacylglycerolphosphate (46:6)	Bismonoacylglycerolphosphate (46:6)	BMP(46:6)	BMP	46	6	PG/BMP	3.22	10.89	28	38	0	3	TRUE	FALSE	FALSE	yes	Neg	Brain	FALSE	yes	100	200
BrainNeg_477	500ng_no_MS2					477	905.62	6.75 - 7.54	905.62	6.95	4830	6.95	X.M.HCOO..	Phosphatidate (48:6)	Phosphatidate (48:6)	PA(48:6)	PA	48	6	PA	4.69	9.89	30	37	1	2	TRUE	FALSE	FALSE	yes	Neg	Brain	FALSE	yes	100	200
BrainNeg_484	500ng_wrong_RT		9.13			484	926.6898	13.47 - 13.98	926.6898	13.78	4650	13.78	X.M.H..	Phosphatidylserine (46:2)	Phosphatidylserine (46:2)	PS(46:2)	PS	46	2	PS	8.9	10.79	34	36	1	2	FALSE	FALSE	TRUE	maybe	Neg	Brain	TRUE	maybe	100	150
BrainNeg_484	500ng_wrong_RT					484	926.6898	13.47 - 13.98	926.6898	13.78	4650	13.78	X.M.HCOO..	Phosphatidylcholine (43:3)__Phosphatidylethanolamine (46:3)	Phosphatidylcholine (43:3)	PC(43:3)	PC	43	3	PC	1.18	14.42	17	42	0	10	TRUE	FALSE	TRUE	yes	Neg	Brain	FALSE	yes	100	150
BrainNeg_484	500ng_wrong_RT					484	926.6898	13.47 - 13.98	926.6898	13.78	4650	13.78	X.M.HCOO..	Phosphatidylcholine (43:3)__Phosphatidylethanolamine (46:3)	Phosphatidylethanolamine (46:3)	PE(46:3)	PE	46	3	PE	4.41	11.51	28	40	0	8	FALSE	FALSE	TRUE	maybe	Neg	Brain	TRUE	maybe	100	150
BrainNeg_522	500ng_no_MS2					522	913.6978	14.47 - 14.75	913.6978	14.62	3960	14.62	X.M.H..	Phosphatidate (O-53:7)__Phosphatidylglycerol (46:2)__Bismonoacylglycerolphosphate (46:2)	Phosphatidylglycerol (46:2)	PG(46:2)	PG	46	2	PG/BMP	3.22	10.89	28	38	0	3	FALSE	FALSE	TRUE	maybe	Neg	Brain	TRUE	maybe	100	150
BrainNeg_522	500ng_no_MS2					522	913.6978	14.47 - 14.75	913.6978	14.62	3960	14.62	X.M.H..	Phosphatidate (O-53:7)__Phosphatidylglycerol (46:2)__Bismonoacylglycerolphosphate (46:2)	Bismonoacylglycerolphosphate (46:2)	BMP(46:2)	BMP	46	2	PG/BMP	3.22	10.89	28	38	0	3	FALSE	FALSE	TRUE	maybe	Neg	Brain	TRUE	maybe	100	150
BrainNeg_522	500ng_no_MS2					522	913.6978	14.47 - 14.75	913.6978	14.62	3960	14.62	X.M.HCOO..	Phosphatidate (48:2)__Monoalkyldiacylglycerol (O-55:11)	Phosphatidate (48:2)	PA(48:2)	PA	48	2	PA	4.69	9.89	30	37	1	2	FALSE	FALSE	TRUE	maybe	Neg	Brain	TRUE	maybe	100	150
BrainNeg_522	500ng_no_MS2					522	913.6978	14.47 - 14.75	913.6978	14.62	3960	14.62	X.M.HCOO..	Phosphatidate (48:2)__Monoalkyldiacylglycerol (O-55:11)	Monoalkyldiacylglycerol (O-55:11)	TAG-O(55:11)	TAG-O	55	11	TAG	7.05	21.05	32	56	0	5	TRUE	TRUE	FALSE	yes	Neg	Brain	FALSE	yes	100	150
BrainNeg_568	500ng_wrong_RT		10.16			568	818.5708	11.04 - 11.27	818.5708	11.17	3410	11.17	X.M.HCOO..	Hexosyl ceramide (d40:6)__Ceramide phosphate (d46:7)	Hexosyl ceramide (d40:6)	dHexCer(40:6)	dHexCer	40	6	d*HexCer	9.39	15.71	34	42	1	3	TRUE	TRUE	FALSE	yes	Neg	Brain	FALSE	yes	100	200
BrainNeg_568	500ng_wrong_RT					568	818.5708	11.04 - 11.27	818.5708	11.17	3410	11.17	X.M.HCOO..	Hexosyl ceramide (d40:6)__Ceramide phosphate (d46:7)	Ceramide phosphate (d46:7)	dCerP(46:7)	dCerP	46	7	d*CerP	6.11	13.38	32	42	1	3	TRUE	FALSE	FALSE	yes	Neg	Brain	FALSE	yes	100	200
BrainNeg_591	500ng_wrong_RT		10.99			591	876.6058	12.54 - 13.18	876.6058	12.75	3040	12.75	X.M.H..	Phosphatidylserine (O-44:6)	Phosphatidylserine (O-44:6)	PS-O(44:6)	PS-O	44	6	PS	8.9	10.79	34	36	1	2	FALSE	FALSE	FALSE	maybe	Neg	Brain	TRUE	maybe	100	150
BrainNeg_591	500ng_wrong_RT					591	876.6058	12.54 - 13.18	876.6058	12.75	3040	12.75	X.M.HCOO..	Phosphatidylcholine (O-41:7)__Phosphatidylethanolamine (O-44:7)__Phosphatidylserine (39:1)	Phosphatidylcholine (O-41:7)	PC-O(41:7)	PC-O	41	7	PC	1.18	14.42	17	42	0	10	TRUE	TRUE	TRUE	yes	Neg	Brain	FALSE	yes	100	150
BrainNeg_591	500ng_wrong_RT					591	876.6058	12.54 - 13.18	876.6058	12.75	3040	12.75	X.M.HCOO..	Phosphatidylcholine (O-41:7)__Phosphatidylethanolamine (O-44:7)__Phosphatidylserine (39:1)	Phosphatidylethanolamine (O-44:7)	PE-O(44:7)	PE-O	44	7	PE	4.41	11.51	28	40	0	8	FALSE	FALSE	TRUE	maybe	Neg	Brain	TRUE	maybe	100	150
BrainNeg_593	500ng_wrong_RT		12.49			593	918.6673	11.76 - 12.08	918.6673	11.91	3090	11.91	X.M.HCOO..	Phosphatidylcholine (O-44:7)__Phosphatidylethanolamine (O-47:7)__Hexosyl ceramide (t46:6)	Phosphatidylcholine (O-44:7)	PC-O(44:7)	PC-O	44	7	PC	1.18	14.42	17	42	0	10	TRUE	FALSE	TRUE	yes	Neg	Brain	FALSE	yes	100	200
BrainNeg_593	500ng_wrong_RT					593	918.6673	11.76 - 12.08	918.6673	11.91	3090	11.91	X.M.HCOO..	Phosphatidylcholine (O-44:7)__Phosphatidylethanolamine (O-47:7)__Hexosyl ceramide (t46:6)	Hexosyl ceramide (t46:6)	tHexCer(46:6)	tHexCer	46	6	t*HexCer	8	15.26	34	44	1	3	TRUE	FALSE	FALSE	yes	Neg	Brain	FALSE	yes	100	200
BrainNeg_626	500ng_no_MS2					626	948.666	12.00 - 12.40	948.666	12.3	2650	12.3	X.M.H..	Phosphatidylserine (48:5)	Phosphatidylserine (48:5)	PS(48:5)	PS	48	5	PS	8.9	10.79	34	36	1	2	FALSE	FALSE	FALSE	maybe	Neg	Brain	TRUE	maybe	100	150
BrainNeg_626	500ng_no_MS2					626	948.666	12.00 - 12.40	948.666	12.3	2650	12.3	X.M.HCOO..	Phosphatidylcholine (45:6)__Phosphatidylethanolamine (48:6)__Dihexosyl ceramide (d37:1)	Phosphatidylcholine (45:6)	PC(45:6)	PC	45	6	PC	1.18	14.42	17	42	0	10	TRUE	FALSE	TRUE	yes	Neg	Brain	FALSE	yes	100	150
BrainNeg_626	500ng_no_MS2					626	948.666	12.00 - 12.40	948.666	12.3	2650	12.3	X.M.HCOO..	Phosphatidylcholine (45:6)__Phosphatidylethanolamine (48:6)__Dihexosyl ceramide (d37:1)	Phosphatidylethanolamine (48:6)	PE(48:6)	PE	48	6	PE	4.41	11.51	28	40	0	8	FALSE	FALSE	TRUE	maybe	Neg	Brain	TRUE	maybe	100	150
BrainNeg_645	500ng_no_MS2					645	894.6185	12.92 - 13.27	894.6185	13.04	2450	13.04	X.M.H..	Phosphatidylserine (44:4)	Phosphatidylserine (44:4)	PS(44:4)	PS	44	4	PS	8.9	10.79	34	36	1	2	FALSE	FALSE	FALSE	maybe	Neg	Brain	TRUE	maybe	100	150
BrainNeg_645	500ng_no_MS2					645	894.6185	12.92 - 13.27	894.6185	13.04	2450	13.04	X.M.HCOO..	Phosphatidylcholine (41:5)__Phosphatidylethanolamine (44:5)__Dihexosyl ceramide (d33:0)	Phosphatidylcholine (41:5)	PC(41:5)	PC	41	5	PC	1.18	14.42	17	42	0	10	TRUE	TRUE	TRUE	yes	Neg	Brain	FALSE	yes	100	150
BrainNeg_645	500ng_no_MS2					645	894.6185	12.92 - 13.27	894.6185	13.04	2450	13.04	X.M.HCOO..	Phosphatidylcholine (41:5)__Phosphatidylethanolamine (44:5)__Dihexosyl ceramide (d33:0)	Phosphatidylethanolamine (44:5)	PE(44:5)	PE	44	5	PE	4.41	11.51	28	40	0	8	FALSE	FALSE	TRUE	maybe	Neg	Brain	TRUE	maybe	100	150
BrainNeg_661	500ng_wrong_RT		12.19			661	885.6641	13.39 - 13.71	885.6641	13.56	2150	13.56	X.M.H..	Phosphatidylglycerol (44:2)__Bismonoacylglycerolphosphate (44:2)	Phosphatidylglycerol (44:2)	PG(44:2)	PG	44	2	PG/BMP	3.22	10.89	28	38	0	3	FALSE	FALSE	TRUE	maybe	Neg	Brain	TRUE	maybe	100	150
BrainNeg_661	500ng_wrong_RT					661	885.6641	13.39 - 13.71	885.6641	13.56	2150	13.56	X.M.H..	Phosphatidylglycerol (44:2)__Bismonoacylglycerolphosphate (44:2)	Bismonoacylglycerolphosphate (44:2)	BMP(44:2)	BMP	44	2	PG/BMP	3.22	10.89	28	38	0	3	FALSE	FALSE	TRUE	maybe	Neg	Brain	TRUE	maybe	100	150
BrainNeg_661	500ng_wrong_RT					661	885.6641	13.39 - 13.71	885.6641	13.56	2150	13.56	X.M.HCOO..	Phosphatidate (46:2)	Phosphatidate (46:2)	PA(46:2)	PA	46	2	PA	4.69	9.89	30	37	1	2	FALSE	FALSE	TRUE	maybe	Neg	Brain	TRUE	maybe	100	150
BrainNeg_53	FA(16:0)		10.54			53	761.5749	9.89 - 10.66	761.5749	10.47	71200	10.47	X.M.HCOO..	Phosphatidate (O-38:1)__Sphingomyelin (d35:1)__Ceramide phosphoethanolamine (d38:1)	Phosphatidate (O-38:1)	PA-O(38:1)	PA-O	38	1	PA	4.69	9.89	30	37	1	2	FALSE	FALSE	TRUE	maybe	Neg	Brain	TRUE	maybe	100	150
BrainNeg_53	can not be interpreted as only one peak FA16:0)					53	761.5749	9.89 - 10.66	761.5749	10.47	71200	10.47	X.M.HCOO..	Phosphatidate (O-38:1)__Sphingomyelin (d35:1)__Ceramide phosphoethanolamine (d38:1)	Sphingomyelin (d35:1)	dSM(35:1)	dSM	35	1	d*SM	5.66	14.62	32	42	0	3	TRUE	TRUE	TRUE	yes	Neg	Brain	FALSE	yes	100	150
BrainNeg_68	500ng_wrong_RT		8.08			68	787.5904	10.05 - 10.89	787.5904	10.61	61800	10.61	X.M.HCOO..	Phosphatidate (O-40:2)__Sphingomyelin (d37:2)__Ceramide phosphoethanolamine (d40:2)	Phosphatidate (O-40:2)	PA-O(40:2)	PA-O	40	2	PA	4.69	9.89	30	37	1	2	FALSE	FALSE	TRUE	maybe	Neg	Brain	TRUE	maybe	100	150
BrainNeg_68	500ng_wrong_RT					68	787.5904	10.05 - 10.89	787.5904	10.61	61800	10.61	X.M.HCOO..	Phosphatidate (O-40:2)__Sphingomyelin (d37:2)__Ceramide phosphoethanolamine (d40:2)	Sphingomyelin (d37:2)	dSM(37:2)	dSM	37	2	d*SM	5.66	14.62	32	42	0	3	TRUE	TRUE	TRUE	yes	Neg	Brain	FALSE	yes	100	150
BrainNeg_145	500ng_no_MS2					145	540.3299	0.36 - 2.22	540.3299	2.05	30300	2.05	X.M.HCOO..	Lysophosphatidylcholine (16:0)__Lysophosphatidylethanolamine (19:0)__Phosphatidylcholine (O-16:0)__Phosphatidylethanolamine (O-19:0)	Lysophosphatidylcholine (16:0)	LPC(16:0)	LPC	16	0	LPC	0.47	3.17	18	22	0	5	TRUE	FALSE	TRUE	yes	Neg	Brain	FALSE	yes	100	200
BrainNeg_145	500ng_no_MS2					145	540.3299	0.36 - 2.22	540.3299	2.05	30300	2.05	X.M.HCOO..	Lysophosphatidylcholine (16:0)__Lysophosphatidylethanolamine (19:0)__Phosphatidylcholine (O-16:0)__Phosphatidylethanolamine (O-19:0)	Phosphatidylcholine (O-16:0)	PC-O(16:0)	PC-O	16	0	PC	1.18	14.42	17	42	0	10	TRUE	FALSE	TRUE	yes	Neg	Brain	FALSE	yes	100	200
BrainNeg_272	500ng_wrong_RT		19.68			272	568.361	1.96 - 3.08	568.361	2.93	13800	2.93	X.M.HCOO..	Lysophosphatidylcholine (18:0)__Lysophosphatidylethanolamine (21:0)__Phosphatidylcholine (O-18:0)__Phosphatidylethanolamine (O-21:0)	Lysophosphatidylcholine (18:0)	LPC(18:0)	LPC	18	0	LPC	0.47	3.17	18	22	0	5	TRUE	TRUE	TRUE	yes	Neg	Brain	FALSE	yes	100	200
BrainNeg_272	500ng_wrong_RT					272	568.361	1.96 - 3.08	568.361	2.93	13800	2.93	X.M.HCOO..	Lysophosphatidylcholine (18:0)__Lysophosphatidylethanolamine (21:0)__Phosphatidylcholine (O-18:0)__Phosphatidylethanolamine (O-21:0)	Phosphatidylcholine (O-18:0)	PC-O(18:0)	PC-O	18	0	PC	1.18	14.42	17	42	0	10	TRUE	TRUE	TRUE	yes	Neg	Brain	FALSE	yes	100	200
BrainNeg_333	500ng_no_MS2					333	911.5164	9.56 - 9.84	911.5164	9.68	9840	9.68	X.M.HCOO..	Phosphatidylglycerol (44:12)__Bismonoacylglycerolphosphate (44:12)	Phosphatidylglycerol (44:12)	PG(44:12)	PG	44	12	PG/BMP	3.22	10.89	28	38	0	3	TRUE	FALSE	FALSE	yes	Neg	Brain	FALSE	yes	82.7586206897	182.7586206897
BrainNeg_333	500ng_no_MS2					333	911.5164	9.56 - 9.84	911.5164	9.68	9840	9.68	X.M.HCOO..	Phosphatidylglycerol (44:12)__Bismonoacylglycerolphosphate (44:12)	Bismonoacylglycerolphosphate (44:12)	BMP(44:12)	BMP	44	12	PG/BMP	3.22	10.89	28	38	0	3	TRUE	FALSE	FALSE	yes	Neg	Brain	FALSE	yes	82.7586206897	182.7586206897
BrainNeg_586	500ng_no_MS2					586	529.2358	6.13 - 6.31	529.2358	6.22	3160	6.22	X.M.HCOO..	Phosphatidylglycerol (15:0)__Bismonoacylglycerolphosphate (15:0)	Phosphatidylglycerol (15:0)	PG(15:0)	PG	15	0	PG/BMP	3.22	10.89	28	38	0	3	TRUE	FALSE	TRUE	yes	Neg	Brain	FALSE	yes	82.7586206897	132.7586206897
BrainNeg_586	500ng_no_MS2					586	529.2358	6.13 - 6.31	529.2358	6.22	3160	6.22	X.M.HCOO..	Phosphatidylglycerol (15:0)__Bismonoacylglycerolphosphate (15:0)	Bismonoacylglycerolphosphate (15:0)	BMP(15:0)	BMP	15	0	PG/BMP	3.22	10.89	28	38	0	3	TRUE	FALSE	TRUE	yes	Neg	Brain	FALSE	yes	82.7586206897	132.7586206897
BrainNeg_678	500ng_no_MS2					678	619.2876	1.00 - 1.36	619.2876	1.25	2160	1.25	X.M.HCOO..	Phosphatidylglycerol (22:4)__Bismonoacylglycerolphosphate (22:4)	Phosphatidylglycerol (22:4)	PG(22:4)	PG	22	4	PG/BMP	3.22	10.89	28	38	0	3	FALSE	FALSE	FALSE	maybe	Neg	Brain	TRUE	maybe	82.7586206897	132.7586206897
BrainNeg_678	500ng_no_MS2					678	619.2876	1.00 - 1.36	619.2876	1.25	2160	1.25	X.M.HCOO..	Phosphatidylglycerol (22:4)__Bismonoacylglycerolphosphate (22:4)	Bismonoacylglycerolphosphate (22:4)	BMP(22:4)	BMP	22	4	PG/BMP	3.22	10.89	28	38	0	3	FALSE	FALSE	FALSE	maybe	Neg	Brain	TRUE	maybe	82.7586206897	132.7586206897
